id_municipio,populacao_residente,area_unidade_territorial
2304954,24325,256
4107850,4364,256
4319000,21084,256
4315156,5340,256
2501500,23134,256
4306734,4470,256
3536570,2090,256
3157906,16395,256
1718550,3960,512
2924702,9152,512
3511409,21469,512
2904803,6205,512
5003157,14289,1024
1507508,13664,1280
2313005,18179,1536
5211008,8007,2048
2923407,20078,2560
2707404,9295,257
2507309,14477,257
2708303,20813,257
2702900,36102,513
3507605,176811,513
2925006,23334,769
2807402,50905,1025
2200053,6420,1281
5211206,26113,1281
5215702,31858,1537
1501576,18005,2817
3156908,26670,3073
1300607,37648,8705
4323754,3260,258
2404507,15295,258
3521507,6867,258
2605905,18214,258
5209200,19545,514
2202075,3108,514
2408904,21499,514
3111606,26105,770
4203402,7257,1026
2205508,42559,1538
5106372,18066,3842
1500701,28011,6914
2307304,286120,259
2613206,23837,259
3145901,38724,259
4106704,4494,259
1506104,10851,259
2607901,644037,259
3138658,8790,259
2806008,17033,259
3157401,4673,259
2304657,13801,259
3113800,2605,259
1715002,3362,515
4301800,4831,515
3514700,6205,515
2110302,14304,771
2912806,8896,771
2204501,10270,1027
3502200,24022,1027
2930808,17054,1027
5210208,35684,1027
2919306,10774,1283
2208650,8738,1283
5107107,17849,1283
2605152,17188,1539
4315701,34654,2051
2109502,22145,6403
5107008,23283,6915
3500600,2780,4
3157336,8109,4
3508405,47011,260
2409407,30479,260
3536901,2787,260
2301950,22392,260
3150406,5019,260
2706901,35370,260
2300804,7245,260
4211256,3010,260
4313300,25692,260
4123956,3356,260
4210001,11684,260
3549102,92547,516
2109106,45155,772
1718402,3047,772
2205524,5388,1284
5000856,10729,1284
2111052,9904,2052
4311007,26603,2052
1200427,14938,3076
5103056,9593,3844
3163904,4885,261
2401909,3268,261
4214805,72587,261
4301701,7144,261
2702553,15429,261
4210050,1778,261
4207684,7730,261
3141207,3814,261
4303301,4704,261
3135076,4296,517
5221908,3716,517
3162005,23959,517
3305802,165123,773
2903508,18412,773
4322608,68763,773
2921054,10330,773
2102705,24303,773
1502400,192256,1029
1600600,107618,1541
1703057,3407,1541
1708304,4738,1797
1505650,18668,7173
5106505,31217,17157
3139706,7333,262
4217600,13714,262
2928703,103055,262
2918308,14355,262
2201804,4078,262
2506806,17692,262
2108207,37050,262
2210508,13755,518
3164506,10079,518
3102100,10891,518
2402501,9714,518
4300851,4112,518
3522604,72022,518
2613602,31004,774
5220009,14041,3334
3143302,414240,3590
5220207,21900,6150
3135209,65150,6662
2410900,7389,263
2313708,6871,263
3542404,20145,263
2515401,10291,263
3152600,6566,263
2512804,8493,263
3531506,18151,263
4202404,361261,519
2904308,12943,519
2407203,27369,775
2210656,9460,1031
2210102,3297,1287
4119905,358371,2055
1100924,9324,5127
1600105,7943,8455
3124401,6611,264
3128402,7714,264
2613701,111249,264
2701704,15032,264
3152709,9048,264
2201176,3995,264
4106605,23831,776
3171105,3411,1032
1501758,6783,1288
2924009,112870,1544
2207900,37894,1544
2205359,2970,1800
5219803,9711,3336
3533205,4609,265
3503356,2044,265
2504504,6451,265
3305554,80596,265
4300471,1969,265
4308508,32627,265
4314076,6025,265
2403400,5360,265
3514502,12328,265
2703007,13731,265
3515301,2703,265
3303500,785867,521
4210308,7425,521
2204303,10259,777
4128633,5697,777
1713304,12701,1033
3109451,6627,1033
2923357,19243,1545
1502103,134184,3081
5100805,8590,20489
4103057,7924,266
3508207,4356,266
4302451,6247,266
3161809,11770,266
3540507,10451,266
3112802,10380,522
2607208,98932,522
2933406,9503,522
3526209,27404,522
3120805,15362,522
2606309,6967,522
2926806,13146,778
5216452,2964,1034
3133402,13690,1802
2310308,31445,2314
5007695,29579,3850
2103307,114275,4362
5206206,62337,6154
3534807,7779,267
3556404,40133,267
2508505,6877,267
3140902,18552,267
2201919,5636,523
5221700,13729,523
3301157,12958,523
3541604,35131,779
3304805,38961,1035
5209903,10584,1547
5208608,73707,1547
5211909,105729,7179
2108504,31429,268
5218607,12165,268
3148301,8659,268
2612406,18624,268
4124053,24262,268
4321956,7556,268
2914505,28043,268
4206504,46711,268
4322905,4769,268
2909000,7546,524
3516002,12958,524
2100402,6447,524
3554003,123942,524
2303303,17015,1036
1716109,52360,1292
2922250,10443,3852
1505205,33844,3852
1200435,6723,6156
5108600,19888,7436
5103858,8642,16908
2403707,5944,269
4117107,12923,269
2204006,4505,269
4301404,10322,269
4321907,25436,269
2501104,22633,269
2414456,3376,269
4315313,1552,269
3529302,79033,525
2501609,12904,781
2104677,23128,1037
1718907,4653,1805
2106102,11597,3597
1301308,23549,18701
3518602,37498,270
2929206,38733,270
2201945,6545,270
2211704,4059,270
2610608,56665,270
2206902,6097,526
2933257,6003,782
2202703,28212,1294
3548807,165655,15
2915502,18781,271
2112274,5507,271
3518305,31236,271
2804409,16426,271
3149903,21384,271
2202083,7957,271
2104701,6023,271
3545803,183347,271
2504207,4491,527
4304622,1733,527
3131109,7371,527
4304663,26487,783
3166808,11801,1295
4300034,4170,1551
3114550,9422,2063
1709005,12433,6415
1505908,40597,17423
3519402,11690,272
4209607,14381,272
4302105,123151,272
3546009,13975,272
2505600,6299,272
4304903,9465,272
3145372,4571,272
2921807,11143,528
5204250,7782,528
3111200,52277,528
4314100,206215,784
4307500,15173,784
2202109,4938,784
2303659,10444,784
4318903,34752,1296
5004601,19423,2064
1200450,21454,2320
5003900,3539,4880
2100600,37085,7440
3539806,103765,17
3525003,118045,17
3204807,10878,273
2600708,35741,273
3545704,6393,273
3115201,3560,273
3524204,6221,273
3517109,4138,273
5204607,3755,273
5212006,2924,529
3110509,26097,529
4106308,17470,529
2204808,9420,529
3540002,20196,785
5221080,2701,785
2905701,300372,785
3116902,2773,1041
3133501,21046,1041
1713601,5694,3601
2112001,8862,4369
4305504,4149,274
2608909,56510,274
3523305,15528,274
1720002,2406,274
5216809,9573,530
3506508,118979,530
2925253,17938,530
3102902,11095,530
2206050,5218,530
1503200,35797,786
2311264,20213,1042
4208104,22051,1298
1507755,5847,1298
1508357,15607,3090
5100409,13052,3858
2911105,25899,15634
1505031,33638,38162
3303203,146774,19
2605459,3167,19
3141702,5040,275
4104253,30160,275
2908002,17333,275
4103453,18997,275
3111309,11377,275
2304301,18217,531
4208906,182660,531
2107704,18274,531
2805802,18313,531
3103009,9219,787
2109908,85014,787
2910602,32554,1299
3125705,13978,1555
5105234,4790,1811
2302404,50411,2835
1506161,18384,4115
3170206,713224,4115
5108956,8313,5139
1302108,8858,55827
3552809,273542,20
2802502,3037,20
4123402,11378,276
2922409,20037,276
4108205,7635,276
3158953,44800,276
4308201,30892,276
4303806,5284,276
3157658,5938,276
3533007,19419,532
2600401,26461,532
2107605,21059,532
4114005,13452,788
4106456,5649,1556
3554300,22173,1556
3141801,24405,1812
1200013,14021,1812
1500958,23774,1812
2312908,203023,2068
4306908,23819,3348
2903904,65550,4116
1717503,7128,10004
1400209,20957,47380
3517208,11239,277
3549508,7626,277
3147600,15515,277
2412104,5956,277
4305850,2211,277
2305704,12083,277
2700409,37512,533
2514909,7470,533
3528809,12673,533
2930105,74523,789
5200100,17232,1045
3306107,68088,1301
3128600,6539,2069
2605707,30137,3605
5005400,45047,5397
1506351,21087,278
3102209,3975,278
3507803,25201,278
4126603,22811,278
2408300,34269,278
2923050,10660,278
3165107,6740,278
2608057,14020,278
2915908,5914,534
3146008,32094,534
2101905,19584,790
5219605,3293,790
2310506,40187,1302
4117602,48247,1558
2916500,31679,1558
1702307,5550,1558
4214201,11022,279
3512704,4195,279
2922508,27060,279
4218004,51592,279
3112653,4585,279
2207207,6382,279
2312502,5855,279
2702355,25397,279
3165552,9917,535
3202702,13589,535
4300109,16041,535
3136405,3854,791
3303906,278881,791
2904050,15844,791
2400208,56496,1303
3545308,43748,280
3201308,353491,280
4104600,14648,280
3138351,4341,280
5003504,5578,280
3150604,6700,280
2913903,40706,280
4124509,6181,280
3520707,4035,280
5201405,527796,280
4106001,8320,536
2200251,6819,536
3306206,33976,536
4202131,5872,536
2602100,44294,792
2313104,30652,1048
2910800,616272,1304
1100940,14863,3864
1504208,266533,15128
3171907,4552,281
4315107,9938,281
3548500,418608,281
4216701,14167,281
3140605,3963,281
5214408,8189,281
3161650,3143,281
2929503,40958,537
3167202,227397,537
5220264,4464,537
1717008,4478,1561
3100203,22675,1817
1508001,67585,5145
1100106,39387,24857
2615409,41137,26
2502706,4214,26
2413201,4065,26
1712454,2717,282
4307815,3070,282
3114808,4422,282
3145208,105552,282
2701209,10482,282
5213855,2456,282
4320354,5306,282
4208401,16638,282
3555505,5132,282
4303673,3242,538
3526506,9689,538
1507003,27461,538
2106631,17432,794
4317608,42947,1050
5100300,17193,5402
2505808,3327,27
3302007,116841,283
4117008,7225,283
3551405,12746,283
3104304,13881,283
4215059,2397,283
2309201,15399,283
3115607,1081,283
2503753,2740,283
4118501,91836,539
4102505,10795,539
5107206,4535,539
2900108,7301,539
2310407,10384,539
4104006,47825,539
3509502,1139047,795
5006358,12921,1307
1303007,20136,14107
2501807,82742,28
4307708,76137,28
2927804,4681,284
3159704,3382,284
3135456,6100,284
4213807,8270,284
3133907,5642,284
3139250,5997,284
5221304,2921,284
2707206,12518,284
3106804,3361,284
4115358,6555,284
1719004,2781,540
3160454,6629,796
5007976,3625,1052
3114303,29011,1308
3548054,8379,1308
1504976,13955,1564
1502004,23981,3100
2707909,6919,29
3203346,17641,285
4202909,141385,285
3203130,14079,285
3304128,13682,285
3165404,6311,285
2103109,10208,285
3169208,8609,285
3152303,10569,285
2908309,15794,285
2304459,17294,285
4201109,3593,541
3203601,5466,541
3504305,4483,541
3305406,17729,541
2905107,10384,541
3136579,3630,541
2909208,17056,797
4103909,15723,797
5222203,4215,1053
2909703,13993,1053
2206357,6542,1309
3170529,17479,2077
5218300,34914,2077
1300680,23785,2589
5006309,40957,5405
1600709,12945,6685
5105150,45869,26397
2503209,66519,30
3515707,179198,30
3503109,6885,286
4305603,3258,286
3128709,50911,286
4307203,4930,286
4214300,3279,286
2503902,6085,542
1101484,5258,542
4207205,11881,542
1101203,6466,798
5007505,5199,1310
1501303,126650,1310
2112506,53356,1566
3505500,122485,1566
5008008,17652,2846
5213806,51351,2846
5001508,7940,3358
3513801,393237,31
2406908,3490,31
4204905,8530,287
3532157,2660,287
4308904,16602,287
5220058,1774,287
3202207,18014,287
3541109,3804,287
2101251,16966,543
4315321,2507,543
3152501,152217,543
3110004,38776,543
4204301,81646,799
4114401,16603,1055
2311009,12065,1311
2314102,59712,1311
5200134,21568,1567
2911402,15524,1567
3169604,25470,1823
5210109,25548,4383
2407252,3924,32
2919926,18504,32
2515930,5054,32
2515609,3094,32
2509503,5812,32
4319752,2251,32
3508603,31564,288
3115474,4739,288
3302908,26582,288
2615300,46147,288
3146305,17334,544
2300903,12928,544
3131901,53365,544
2111508,38829,800
2914109,9935,1056
4301875,4241,1056
2921104,22194,1312
1714880,10367,1568
5002159,8567,2592
2203453,9159,3872
2805109,7396,33
4311627,6248,33
4112801,11945,289
4322806,24021,289
2411601,3304,289
2310258,32216,289
4208203,264054,289
2201929,5913,289
4107553,3039,289
3534757,10294,289
3547601,23411,289
4212056,2561,289
2102408,10121,545
2108702,21886,545
2932408,13432,545
2307106,27411,545
2108306,32511,801
4127403,18119,801
2204907,7774,801
2207777,5425,801
4202602,8418,1057
2611002,34161,1057
5005152,6729,1569
3108503,5790,1569
2914000,56876,3105
4318002,59676,3617
1502806,33903,3617
1600055,4673,7713
5108907,5846,11553
2209450,2138,34
3533106,2156,34
3539608,4389,290
1720309,4100,290
2412203,47286,290
2611804,33507,290
2928950,8426,290
2931608,15332,290
4313201,23300,290
3509700,46974,290
3140308,4592,546
4117271,6848,546
3519709,75605,1058
3140506,14003,1058
1100031,5351,1314
2924306,20086,1826
3522406,89728,1826
4317103,84421,6946
1400233,10656,12066
4202453,25058,35
4319356,3548,35
3510609,386984,35
3140159,15900,35
3556503,115771,35
4300877,8525,35
3305109,440962,35
4309506,7415,291
2500775,7960,291
3511102,115791,291
2210300,6025,291
4103370,3708,291
3519303,32178,291
3302056,14073,291
3136504,10304,547
3151800,163742,547
3300407,169894,547
3519105,10437,547
3533908,55074,803
5221452,3120,803
1501402,1303403,1059
3171030,7672,1571
2306702,17232,1827
5002001,10712,1827
5210802,4380,2083
5200605,10306,2595
5002100,21613,4899
1702000,8133,5155
1300029,15866,5923
1304260,14431,10275
3544103,44170,36
2800100,2170,36
2501203,7128,36
3304102,17288,292
2604908,15920,292
4309902,6776,292
3143401,24089,292
3534302,38319,292
2112233,22484,292
4300059,3912,292
4120002,11624,292
3162203,7652,548
3535309,19594,548
2916856,15737,548
3205002,520653,548
3135506,12419,548
4308656,2688,804
2923001,39509,1316
3154507,8756,1316
2206704,6665,1316
1508100,91306,2084
3143500,9067,2084
3142809,20170,2596
5208905,24071,3108
1505700,24984,3364
1100320,21635,7460
2509339,4571,37
2907004,8365,293
3520202,10605,293
3149309,62580,293
4117453,6785,293
2516904,14930,293
4312377,3180,549
2106409,17090,549
4205506,33481,549
2922706,13715,805
2100873,11181,805
1504406,26573,805
2205599,4520,805
4321105,14695,805
3138625,8687,1317
5007307,4841,1829
2930154,34222,2341
5205307,9583,6949
1600204,10612,14117
2706208,4325,38
2414902,1822,38
4219705,31918,294
2901700,11146,294
3103751,8479,294
2707701,93927,294
4114104,31457,294
4209805,3330,294
3129004,7778,294
4314555,2260,294
3151206,55606,550
3515509,71186,550
4211702,23661,550
2311959,16633,806
2906899,9940,806
2607505,32650,1062
5215652,3132,1318
3127701,257171,2342
1720903,14011,2342
2911907,24607,2342
3134202,102217,2598
5213087,27075,2854
2603603,7750,39
3128303,19150,295
3133709,12966,295
3202900,10597,295
4211603,13664,295
4315958,2291,295
3132404,93073,295
4304713,7394,295
2929305,39513,295
2409605,2441,295
3546306,28864,295
2603207,28827,295
2920304,8670,551
3147105,97139,551
3202801,39832,551
3509106,5466,551
1101435,6200,807
3551801,12730,1063
4200408,6508,1319
2601607,18301,1831
3147006,94023,8231
1508159,43558,10791
1505064,60732,15399
2512754,4690,40
4310330,26824,40
2702207,5581,40
2512762,4738,40
3515202,9417,296
3534708,103970,296
3554201,4127,296
2403004,8005,296
3118700,9023,296
4316006,21253,296
2303956,20163,296
2615607,30321,296
4202701,5363,296
2504306,30661,552
3507407,14226,552
3166956,4399,552
1504307,25971,808
2105989,7057,1064
3100609,12589,1320
3126604,4503,1576
5103205,31370,3112
3302858,167127,41
2609600,349976,41
2511707,5329,41
2409209,3115,41
2708907,24278,41
4214003,20010,297
5218102,3280,553
3547700,17963,553
4306932,9158,553
3136959,5789,1065
5204706,12510,1065
3511003,19977,1065
5205802,10562,1065
2203206,11270,2345
4311502,7157,2601
1507904,24204,2857
2112308,36251,3369
1505809,62503,25385
3117876,7350,42
2409100,10896,42
2505204,6730,42
3556453,50415,42
2703809,17150,298
4309407,25268,298
4109807,51603,298
2933208,42529,298
3131505,9135,298
3112406,6562,298
4101002,19620,298
2903607,15146,554
3146909,13920,554
3535606,17667,810
3526803,66505,810
3114402,20954,1066
2913002,14637,1834
1712504,4615,2090
3204906,123752,2346
5107354,5964,7466
5107859,13621,16682
2508554,4797,43
4106209,19128,299
2709152,38053,299
5205059,2985,299
3171303,76430,299
3204658,8589,299
4122602,9097,555
2609808,13613,555
4116802,6790,555
4214706,10865,555
2915205,15310,811
4122206,37558,811
3304607,10232,811
4104808,348051,2091
2111805,17074,3115
5106315,2015,4395
1100205,460434,34091
2806404,7346,44
4303103,136258,44
4127957,8077,300
4219176,4576,300
3105004,7492,556
3516705,42110,556
3153707,3179,556
4105508,79527,812
2301505,7429,1068
3145455,5385,2092
3168903,7883,2092
1200807,16693,2604
1400472,32647,33580
4322541,6058,45
4202008,139155,45
2406155,3739,45
3540754,20392,45
4218707,110088,301
2411502,22177,301
3533700,4331,301
4320206,11950,301
1718303,9044,301
5207501,3205,301
3140704,37841,301
3108305,17404,301
2401602,4807,301
4101408,130134,557
3540606,56497,557
2514107,4263,813
3530706,153658,813
3526100,17154,813
3300100,167434,813
5219357,3538,813
2210391,2829,813
1700350,5147,1581
1701002,10325,1581
3104700,13736,1837
3127800,13901,3885
1501105,31892,4397
1500602,126279,159533
2801504,13853,46
2515104,11040,46
3506201,2606,302
3523008,3979,302
4214904,4847,302
3108107,7434,302
3142106,8968,302
3156700,129380,302
4201406,71922,302
3300902,14616,558
4113205,45003,2094
2921609,7996,2094
5220603,22245,2350
3155603,28271,3118
2204550,4276,3118
5000252,4537,4398
1501451,18099,4398
1200393,10735,6446
2502201,2286,47
4312153,4859,47
3105301,5943,47
2405207,4746,303
4103008,4558,303
2307908,10846,303
1506112,11524,303
3303005,26881,303
3553955,14882,303
4113254,5600,559
3100500,8943,815
2303931,12113,815
3119500,8200,815
3164704,71796,815
3170909,18840,815
4108502,11062,1071
4109609,42062,1327
1703305,4038,1327
5106232,16352,1327
2102309,22455,1583
2110278,13949,1583
1304237,19247,6447
5107875,28944,13615
2510105,9724,48
2415008,3174,48
2807303,3274,48
3162955,26090,48
3118007,52890,304
3109709,11883,304
4314068,3983,304
3512605,4280,304
4315404,9738,304
2607653,34935,304
4104105,7508,304
4124905,5586,304
3103702,8048,304
2807105,42578,560
4318507,25443,1072
2209658,5572,1072
1706001,5331,1584
5213509,6692,3120
1400407,13986,6960
3516309,165139,49
3527009,7014,49
4309555,5378,49
2604403,12984,49
3154705,4080,49
3503505,3577,305
3544608,5112,305
2807501,12012,305
2310209,38980,305
3300936,13847,305
3541406,225668,561
4213401,10649,561
4211108,7736,561
3122470,3697,817
2209872,5522,817
2912202,20785,817
2102101,34120,1073
1713700,2396,1073
3556958,1794,50
4315149,3077,50
2501534,4762,50
4210209,3214,306
3513405,74961,306
3301207,17198,306
3130804,2580,306
3544905,11411,306
3141504,5606,306
3160207,3915,306
1505403,17855,562
2413409,7597,562
3129707,10948,562
3553302,21435,562
4117800,13033,818
4322004,27498,818
2205706,30641,1074
2111904,10238,1074
1721109,7459,2610
2610400,18612,2610
3109402,23910,7218
1400308,18095,12338
2603454,147771,51
3304110,20373,51
2400406,2946,51
3301876,27920,51
4212700,6716,307
1720804,10830,307
3550605,79484,307
4309951,3723,307
5214804,2101,307
2606804,115196,307
2503704,63239,563
4128534,9681,819
3128006,32244,1075
2205565,4995,1331
3542206,28588,1587
2210953,2949,1587
2408003,264577,2099
3164308,7129,2099
4307609,47924,52
4128708,9706,308
3164100,5103,308
4322301,8363,308
2408201,31942,308
3162948,7793,308
4125753,5784,308
4108601,28437,564
4108809,32097,564
3100906,18448,820
2907806,30907,820
2210706,14350,1076
5202353,2946,1076
2915007,13472,1332
4203253,2625,1332
2917409,14436,1332
5107156,2122,1332
1709500,85125,1844
3121605,47702,3892
2802700,8321,53
4203956,23975,53
3509957,4931,53
2704203,24740,309
3124906,10801,309
3544806,6437,309
4107157,4557,309
3542305,4494,309
3523602,16148,565
2922854,7538,565
3138203,104761,565
2200905,5369,821
1709807,1590,821
3529708,19441,821
3170008,11708,821
2102358,12918,821
1506401,7445,1077
2201507,26300,1589
2913606,178649,1589
2928901,32828,15157
3553658,2619,54
3547908,6775,310
4217501,18620,310
2500536,5578,310
4322707,26710,310
2202711,4911,310
3121001,5465,310
5202601,3284,566
2901155,15137,822
4120903,30738,822
3124807,6840,822
2609303,14166,822
5217401,32373,1078
2211308,22279,1334
2906303,32683,1334
2205151,5613,1334
2901304,13080,1590
2203107,10503,1846
1707108,7024,2358
1506187,53143,8246
3163607,2753,55
4318614,2380,55
2405009,7834,55
3145505,2555,55
4204756,1968,55
2515807,6828,55
3120508,10374,311
3513108,33281,311
2915106,13803,311
2907608,16348,567
4118204,145829,823
4309654,5976,823
2308104,45561,1079
5100508,8009,1847
1400100,413486,5687
1302900,61204,39991
5201207,924,56
2503803,5753,56
2608503,19003,56
3527306,51847,56
2404606,11615,312
3528304,3165,312
4128609,7932,312
3205101,73423,312
5008404,6336,312
2304400,2428708,312
4106852,2892,312
3167400,6179,312
2202133,6020,312
3520509,255748,312
2105658,5146,568
2308005,37697,568
5206602,2927,568
2206407,10255,568
3518503,15013,568
3118908,7547,824
4124707,10830,824
2928059,13896,824
3538907,22431,824
5203203,10371,1080
2930303,17066,1592
1505486,41097,11832
5103254,25766,27960
4314035,4319,57
3510153,6283,57
3525854,3056,57
4217956,2329,57
2502052,3504,57
2701407,32106,313
2707305,24071,313
2911857,12309,313
3500907,3451,313
3123502,1829,313
4123006,15223,313
2304350,24173,569
3517802,7441,569
2108454,20479,825
2202802,4932,825
2301851,17195,1081
2109403,13614,1337
2602803,52097,1337
2605301,31843,1337
5213772,3779,1337
5106000,5956,1337
3129103,5192,1849
5211800,45223,1849
2915601,59605,2361
1400027,13927,28473
1503754,24042,53305
4212502,33663,58
2919207,203331,58
3163706,44798,58
4208302,75940,58
4320008,132107,58
3146602,1474,58
4205357,1783,58
3101409,2952,58
2302107,35218,314
4108700,5641,314
2515302,51306,314
3303856,29619,314
2917102,16617,314
2611705,20639,314
3125507,3032,314
4110805,10684,570
3527108,74779,570
3151404,26685,570
2101731,8460,570
5208509,4973,570
4103107,13299,826
2401453,26913,826
3154309,17226,1082
2913705,33790,1082
3147907,111939,1338
3108206,5528,1850
2608750,24088,1850
3148103,89826,2874
2920452,13919,3130
4322251,5029,59
2504108,2312,59
4125308,5168,315
2510303,4259,315
2708808,31786,315
3527405,20061,315
4301206,12058,315
5003801,20609,315
4214409,6253,315
2510501,3580,315
4313102,5586,315
3554706,9335,315
2925204,32136,315
3549607,3853,571
4114500,14240,571
3120870,7406,571
2107209,14176,571
3303708,42063,571
5209150,4390,827
2302701,25135,1083
3148707,24410,1595
3162401,23930,1851
1706100,6371,1851
1709302,24775,2107
4301958,2498,60
5215801,2259,60
2505501,3641,60
3500501,17930,60
3122504,4904,60
3146701,5707,316
2313757,17470,316
2200954,2690,316
2802809,16549,316
2700706,16448,316
4312104,4698,316
4300307,6123,316
3540408,4127,316
3165008,11192,572
2202406,11100,572
2205003,10790,828
3169307,75485,828
1721208,22615,1084
3117306,28381,1340
3109600,3693,61
4213005,3473,61
5221858,198861,61
4323804,16463,61
4305587,2423,61
4303905,62886,61
4119152,127019,61
3160959,5626,61
3543709,9098,317
3506607,29683,317
3150000,3570,317
2103901,10223,317
3161205,6187,317
3122454,10213,573
2913101,16969,573
5208301,4457,829
5003454,13663,829
5105622,26785,1085
2209708,5392,1341
4105201,16134,1341
2302206,53114,1597
2104107,12640,1853
2106607,32174,2109
1100130,30707,8509
3519071,236641,62
2609105,11333,62
3529401,418261,62
4313060,20088,62
2515971,8236,62
2401800,12202,62
3165537,36844,62
1712009,3357,318
3151602,11145,318
3124203,24102,318
2604700,17131,318
2506707,10392,318
2912905,18792,318
2307809,25799,574
3515350,7924,574
4307401,3195,830
2306603,20424,830
2314003,38984,830
3130705,6171,830
5220108,33852,830
4125605,42366,1342
2112407,37491,2622
3554755,1682,63
4220000,15981,63
4210407,7815,63
2404002,4122,63
2803807,3579,63
3540853,2578,63
4213153,2946,63
4301859,3161,63
4310801,22983,63
3518800,1291771,319
3535200,8903,319
2615201,8920,319
3501103,3841,319
2409308,11007,319
3557154,2692,319
2914604,74507,319
3542008,7038,319
2210052,4841,319
4213302,4437,575
3116100,10337,831
2923605,20351,1087
5004502,24137,1343
3143104,47692,1343
4302303,11202,2623
1101757,7788,3135
5003256,26037,4159
2909901,34180,5951
1600279,35114,30783
4202537,2777,64
4323770,3098,64
4318481,4447,64
4311643,1683,64
2515708,2942,64
2901601,14206,320
2103125,7094,320
2707602,11080,320
3119203,10884,576
4107009,13647,576
2400307,10839,576
1101708,10725,832
5200829,3268,1344
2306405,131123,1600
3109204,9150,1600
2921203,24661,1600
4205191,2269,65
4213906,1689,65
4209458,1702,65
2515906,4885,65
3534401,728615,65
4211405,5155,65
4322558,2004,65
3142205,13633,321
4123808,14070,321
4112900,3333,321
3502408,4023,321
3127057,4345,321
4127205,17568,321
2911006,11059,321
3528502,93853,321
3203304,12770,321
2208007,83090,577
2510907,11834,577
2511301,16441,577
2516300,17166,833
5103957,2905,833
3532306,6999,833
2205607,5213,1089
3125903,9590,1089
5105002,8367,1345
4119400,23651,1345
1502772,19950,2369
2208304,28846,2369
2923704,29252,2625
5206404,17065,4673
5106216,11707,5953
2918407,237821,6721
5106224,55839,9537
1300631,20718,17473
3505708,316473,66
2607604,24540,66
2701357,6665,66
3519055,15094,66
4306403,30709,66
2511608,6815,66
3523404,121590,322
4108320,8116,322
2916906,10999,322
3519204,6131,322
3114105,13797,322
2500304,26062,322
2930600,13335,322
3115805,10207,322
4120655,4201,322
2106003,11297,322
2309508,19675,578
2516102,13968,578
3111002,20696,578
4121752,6553,834
2401008,36093,1602
5107776,7596,6466
2700805,4722,67
3150539,4706,67
3150307,4604,323
4125803,8690,323
3510401,50068,323
4103206,6581,323
2403756,2938,323
4300208,6720,323
3306008,78346,323
4111258,31217,323
5210307,2560,579
4308409,6413,579
2308302,25900,579
2104206,16976,835
1702158,4310,835
2925956,19662,1091
2207850,3628,1091
1506559,20370,1347
1301159,19637,2627
3111101,18011,3651
1711902,15288,10563
2806503,3937,68
4208955,1776,68
2205540,2939,68
3129905,3365,68
4311429,2601,68
4314753,2171,68
3159357,6773,68
4202578,2187,68
4314456,2959,68
4116059,11064,324
3159407,3301,324
3513009,274413,324
1504109,8115,324
3556008,13744,324
4309050,7658,324
2910859,17897,580
2906204,24206,580
4105003,10446,580
2201739,6220,580
2510402,6060,580
2908705,17053,1348
2308500,37735,2116
5002407,30612,2116
4315305,23500,3140
2101608,84532,5188
1303403,96372,5956
2414159,5891,69
3503950,1842,69
2613404,18825,69
4209201,2248,69
4305173,9178,325
2504702,4933,325
3517505,21711,325
2202729,6386,325
2806305,13616,325
3526902,291869,581
2504405,18260,581
2913408,15527,837
4123857,9934,837
3521804,25180,1093
3101102,25269,1349
4100202,6256,1349
2900207,17639,1605
5105903,15492,3909
5005806,13220,3909
3122900,6093,70
3515004,250691,70
2608453,17981,70
2509156,6705,70
3149002,2757,70
4312385,2557,70
3537602,68352,326
4124400,23673,326
4300505,7117,326
4208807,20375,326
4207809,10195,326
4107546,4797,326
4124020,13174,326
4121109,5001,326
3502002,4589,326
3532405,18217,326
3204005,18893,838
2606903,11081,838
2303501,72720,838
3157005,40178,1862
5217104,24883,2374
4302907,11157,2374
1304401,23945,2886
4322400,117210,5702
2512408,14277,71
4204251,17240,71
4306924,1296,71
3171204,129246,71
3554656,2046,71
3510104,2889,71
3300233,40006,71
3508108,17210,327
2610509,28340,327
3171709,8908,327
3539707,3025,327
4128559,8215,327
3203809,13745,327
4200606,6743,327
4104451,10933,583
2930501,80435,583
2209104,5831,583
2111300,1037775,583
3526001,20448,583
4308300,9550,583
3144607,25018,583
4305009,8674,583
2306009,14001,839
5007703,10994,839
1507607,52894,1095
5215603,34967,3143
5103502,21941,8263
1506708,32413,11591
2407906,2276,72
2414753,3014,72
3153905,16279,72
2513653,2539,72
2603504,17419,72
3162922,34348,72
4300604,187315,72
4310363,3080,72
3129806,170537,72
2705804,8349,328
4322533,9897,328
3528205,3963,328
3203353,12387,328
2513356,3227,328
2206670,6425,328
5209804,3545,584
5220157,4837,584
2307700,105093,584
2905800,30469,840
3146552,5551,840
2402303,19727,1096
3155504,14532,1352
2906808,37439,1352
1503077,24703,1608
5205901,9164,1864
3156304,8664,73
4217154,1781,73
2300606,6782,73
2601508,10378,73
4215695,1651,73
2414704,5233,73
4305157,2379,73
4115804,54369,329
3168309,4224,329
3163300,3464,329
2105807,9506,329
2918555,5888,329
4218103,5386,329
3300308,92883,585
2905602,22579,585
4313953,10212,841
3137502,18904,841
3120300,5121,841
2301307,19783,1097
5204508,98622,1609
4314407,325685,1609
1702208,31918,2633
1200302,35426,27977
3533403,62019,74
3533304,2837,74
2700607,7944,74
3204203,22300,74
3557303,11295,74
2607752,27749,74
4304697,2921,74
4317251,1505,74
2512721,5766,74
2310852,23391,74
3164431,3113,74
2804300,7822,74
2616183,7558,74
4322525,3150,330
3545605,14018,330
3139003,37684,586
2300200,65264,842
3143906,104108,842
1705508,34233,842
2302305,32775,842
2203602,4377,1098
4302501,5890,1610
3117836,7237,1610
2305407,62642,1866
2205300,4497,1866
2906907,20580,2378
5002902,20988,3658
4306601,36981,5194
2106706,21030,8522
4313441,2146,75
3106200,2315560,331
4300661,1135,331
2405603,13977,331
4110953,11485,331
3147303,20445,331
3552551,3408,331
4212007,7605,331
3202553,9520,331
4110078,14249,331
1501600,12622,587
3205010,26502,587
3106507,9826,587
1100502,7667,843
2312403,54143,843
5208103,4660,843
3304201,129612,1099
3549904,697054,1099
2920809,9267,1099
3203502,18900,1099
2918506,16354,1355
4306502,13051,1355
2311801,72928,1611
2202505,10318,1611
1500107,158188,1611
2202604,19288,2379
3135050,37660,2635
1502152,77079,3147
1100023,96833,4427
1505437,32467,14411
3549003,2602,76
2507606,7796,76
3304144,140523,76
4312807,4954,76
2411908,4161,76
2704609,9534,332
3305208,104029,332
2103752,14404,332
3138906,6487,332
4206405,10796,332
2920007,8731,588
5208152,3456,588
3111804,10608,844
2101004,29472,1100
3521705,17983,1100
1500909,44573,1100
1720101,5654,1100
2930774,25475,1356
5220702,2927,1612
4322509,64197,2124
5107792,4099,3404
1600535,17848,4428
1200336,19294,5452
3140209,3387,77
4200556,2839,77
2708709,8482,77
4321329,3119,77
4117214,4184,77
4209409,42785,333
3543253,7450,333
3531704,4138,333
3507902,23898,1101
5219407,5924,1357
3124302,30443,1869
1501709,123082,2125
2210631,4446,3149
2805901,8748,78
4300570,3072,78
3302452,5415,78
2410504,5432,78
4316428,2480,78
4123105,3394,78
4318432,2649,78
3529104,1860,78
4318499,2406,78
4306551,2562,78
4207858,2069,78
4323507,2660,78
3514205,2207,78
2700904,5936,334
4103305,7735,334
4206108,6277,334
2702801,9618,334
2703759,9470,334
2703106,23995,334
3108404,14828,334
2514206,7126,334
2704500,32174,334
3202405,124656,590
2102754,11374,590
3157377,3910,590
4207908,10285,590
2310902,16616,590
2918605,7379,590
4201000,8285,590
1718659,1768,846
4101606,25777,1358
2107902,17220,1358
5213756,12521,1870
5005004,23981,2126
2609907,65245,2382
1715705,4798,2638
4209300,164981,2638
1507953,72493,4430
5107925,110635,9294
2924405,35357,11598
1301803,24311,12110
1303700,28211,12366
2406601,8319,79
2109452,30839,79
3547650,1645,79
3555703,1603,79
4209508,7932,79
3156205,2291,79
3509601,77632,79
2304285,74170,79
2507903,10012,79
3300456,483087,79
4318051,2754,79
2612505,98254,335
3106309,23928,335
4318606,6834,335
4103479,4473,335
4311700,5735,335
3305901,10302,591
4127809,8426,591
4126801,15869,591
2913457,13151,591
2919009,3527,847
3304409,17401,847
1718709,2738,847
4211751,17312,847
5200308,27008,847
4310603,35768,3407
1200203,91888,8783
4313466,1646,80
2504033,6970,80
3160801,4713,80
4319364,1757,80
3110905,15935,336
2511103,6859,336
2304251,29761,336
4202875,2489,336
3166600,833,336
2708600,51990,336
2616001,17251,336
4112207,5870,336
3542800,3132,336
4114203,36716,336
2504009,419379,592
3107802,14536,592
5104500,2213,592
2105450,7471,592
2210805,13870,1360
5003108,4783,2640
2203909,62036,3408
1303601,14164,62800
2511806,9340,81
2408607,3934,81
3556701,76540,81
4321626,2152,81
3114709,3341,81
4215554,2425,81
3164472,6194,81
4208500,26525,337
4321402,14497,337
2201770,6902,337
2616407,134084,337
2508901,44599,337
2802908,103440,337
2603801,18338,337
5209457,2161,593
2306504,17841,593
2203420,4075,849
2920700,24527,849
5006259,4721,849
3138609,17221,849
4213609,32970,849
2903706,13690,849
1720937,2021,1105
4306106,58913,1361
1302306,25172,69457
1504455,27094,8273
3105905,20080,82
4312351,1499,82
3535101,9650,82
2805000,2778,82
3303955,24298,82
2407708,11444,82
2510204,5787,82
4110656,2343,82
3302270,96289,82
4311791,2470,82
3150703,5537,338
2200707,9407,338
3504404,11263,338
2209377,4650,338
4210852,2511,338
3301405,21104,338
3122009,20706,338
4314027,6519,338
4311981,3916,338
3553708,52260,594
3505906,58402,850
2101301,16290,850
3101607,78970,850
1703073,4476,1106
2901353,15012,1362
2914703,65073,2386
5106190,4239,2386
2103000,156973,5202
1301506,17186,7506
3514957,2323,83
2509396,6433,83
3110202,4088,83
4304853,1368,83
4304614,1656,83
4215455,12882,83
3523107,369275,83
3168804,7744,83
2410009,2965,83
4211207,18537,83
4315909,6654,83
4108106,2652,83
3522505,232297,83
3534906,14877,339
2414001,13281,339
2708956,12303,339
1703883,2201,339
4310876,2040,339
2610004,54584,339
3121803,6847,339
3143203,20890,595
3519907,7619,595
2930402,17996,595
3204302,13696,595
3552304,7355,595
5100102,5014,851
3302205,101041,1107
1717206,2282,1363
5201504,4325,2899
1718204,64418,4435
5213103,70081,9043
2801603,5391,84
4204350,4781,84
2804706,6268,84
2704104,18457,84
3150208,3976,84
3103108,1538,84
2806909,3243,84
2414803,10735,84
4314423,5351,84
2508208,7819,84
3501152,17301,84
2506400,13766,340
4205308,11192,340
3105400,30778,340
3510005,29449,596
3125606,6489,596
4218251,7342,596
2209500,3646,852
4125704,29122,852
3144656,10588,1108
2926657,9740,1364
2205904,5209,1620
2100477,25710,1876
2200459,5322,2132
5213707,8756,2900
1507805,22576,14420
2509370,2543,85
2703601,9219,85
3501509,2885,85
2512747,2927,85
3123858,5179,85
2604502,20546,85
3536257,2892,85
4308078,4291,85
3144508,8179,341
2404101,2104,341
3129301,12030,341
2100832,17519,341
2804458,9232,341
2704708,60370,341
2412302,11121,341
2106755,23864,341
3158003,10485,597
2924058,13243,597
3300605,35173,597
4311130,3349,853
5219209,3002,1109
1722081,10522,1365
2306900,33726,1877
1502301,56506,2901
2203230,4854,3157
1600550,3803,4949
1712405,2999,5717
5106158,13635,9557
2101400,101767,13141
4214151,2964,86
4211876,1927,86
5206800,2724,86
3503604,10130,86
4316758,6887,86
3125200,2578,86
2505279,5254,86
3518008,1968,86
2922300,28707,86
2301257,11096,342
3122108,4178,342
3204955,10886,342
2211506,3185,342
3540804,18496,342
4300901,6483,342
3170479,3282,598
3527603,12265,598
5207352,4001,598
2307007,31701,854
3156502,5679,1110
2602001,34478,1622
1100338,25444,10070
2516755,2966,87
2705408,7184,87
3520806,3615,87
2607950,10247,87
2612109,5727,87
4103354,4854,343
2311207,8833,343
2605202,59891,343
2401107,24093,343
3102308,15059,599
4122008,14025,599
4310439,5399,599
3530508,67681,855
2312106,16954,855
3145000,14598,1111
3123205,12630,1111
2928000,37834,1623
1600253,5599,1623
4317301,30983,5207
1301704,57473,33111
3513850,1620,88
2309904,6175,88
2405900,2076,88
3106705,411846,344
2916708,8153,344
4215703,27272,344
2601201,77742,344
5107404,4191,344
2925402,10274,1112
5001904,23031,2392
5000807,7653,3416
1200104,26000,3928
4202859,4026,89
3201100,10254,89
2702009,10810,89
2703908,4092,89
4302378,2096,89
4312476,6029,89
3103603,2915,89
3118502,1563,89
3145851,4917,89
3163201,4133,89
3128501,3149,89
4302352,13142,89
3163508,6197,345
4113403,3752,345
2901809,10862,345
2506509,3242,345
2609154,23763,345
3148509,8047,601
4306379,2806,601
3137304,3313,601
4309001,16013,857
2919405,11834,857
2105302,273110,1369
5214903,3076,2137
5101704,29403,5977
1400456,19305,8025
4323705,2783,90
4116000,1966,90
2604601,24587,90
3520400,34934,346
3552601,11323,346
2203255,4413,346
2407302,7896,346
4216057,6084,346
2105203,10231,346
4119806,14374,346
3129400,5198,346
2700300,234696,346
4322376,1995,602
3522109,112476,602
2502003,6268,602
3142254,3985,602
5212709,8124,858
3130903,22692,858
3556305,24241,858
5104906,7426,1114
2104073,8048,1626
2606606,26593,1882
5007935,14516,4186
2926202,21642,5978
1506583,16548,10330
1503606,123314,62042
2305100,5654,91
2802007,4340,91
4209177,2555,91
2513984,3137,91
3164902,2300,91
3149507,3351,91
4217550,3303,91
2500908,12212,91
4201653,2510,91
4311403,93646,91
2927507,20952,347
4113452,5175,347
3158904,8987,347
4107124,3171,347
5220686,5742,347
4219200,6189,347
2922730,7967,347
3531308,47574,347
5201454,2907,603
3152131,3747,603
2701605,15559,603
3536307,14512,603
4111803,40375,603
3134608,20406,1115
3546405,46442,1115
2926707,13184,1115
5105259,83798,3675
5102603,15347,5979
5107180,10089,11355
3504701,3887,92
2704906,3155,92
4210902,4080,92
2515005,7066,92
4319711,2207,92
2800605,41511,92
2612703,14013,92
3533601,7391,348
3134905,25525,348
4301503,7149,348
3507456,2713,348
4300802,13045,348
3141603,10373,348
3501301,27255,348
3148905,4112,348
3155900,5141,348
3116803,8163,348
4314209,7484,604
3304706,41325,604
4122305,31324,604
3525706,36633,860
2913507,21491,860
2930758,13408,1628
2114007,40801,2140
1100403,16320,2652
2905206,52012,2652
2602704,12808,93
4218855,2774,93
4202099,1668,93
2706448,13835,93
4212254,12897,93
2605509,15026,93
2206308,1318,93
4308433,2393,93
4118105,9557,349
4316303,6576,349
4123709,8912,349
3128204,9753,349
4309803,4527,349
4102307,13395,349
2921005,42566,605
2311355,15910,605
3107109,39848,861
1707306,4248,3421
1500404,69377,23645
1300409,18834,122461
2502904,5742,94
4312955,2042,94
4201802,3227,94
2701308,16024,94
4316477,2877,94
4201950,15820,94
4300646,7650,94
4302253,2779,94
2512788,1955,94
4201604,3556,94
3514924,3138,94
3147501,1600,94
4202156,2658,94
2508604,12560,94
3165800,2068,94
3548302,3000,94
4213500,27688,94
4218954,2656,350
4321303,25198,350
1101476,3076,606
3516200,352536,606
5218052,4070,606
2111953,4985,862
3304755,45059,1118
4314175,2061,1374
5221601,42546,2142
5214051,6189,2142
5108204,4164,2398
5104542,7539,2910
5104526,7815,3422
5107040,85146,5470
5002605,13583,6238
1505304,68294,107614
4320859,4461,95
2910206,4407,95
3132602,3690,95
3556909,8109,95
2804102,11050,95
2605004,23518,95
4128302,2136,95
3112505,10663,95
3302809,17502,95
4308102,13764,95
2512077,4006,95
3300159,11034,95
4125555,2138,95
4219150,2627,351
2312304,47640,351
4212106,15626,351
4310009,21583,607
3552908,6260,607
2917805,17659,863
2412906,9972,863
5211701,6272,863
2201903,28796,5471
5005608,25536,5471
1501808,106968,9567
2805703,26618,96
2601052,19243,96
2804003,15719,96
3503901,86678,96
4212601,2992,96
2500205,5003,352
2509008,10434,352
3305505,89559,352
4320107,22851,352
1703826,1961,352
2931509,21176,352
3138302,3199,352
2400109,10597,608
3123809,6354,608
4111407,13229,608
2301901,75033,608
2403103,41313,864
3510807,28083,864
2302602,62326,1120
1716307,4043,1376
1507706,25643,1632
5108055,10616,2400
1507458,24255,3168
4109401,182093,3168
3108255,10204,3936
1503457,30329,5216
5101902,17004,15968
4111605,2708,97
4306072,2692,97
4119251,2761,97
2200202,17573,97
3205309,322869,97
2610707,342167,97
2413300,5703,97
3136652,30716,97
4117255,12699,353
2413904,11422,353
3159605,40635,353
3113305,31240,353
3117108,10371,353
4121406,19247,353
4125001,10667,353
3129657,5081,353
3551108,10369,353
2202059,10212,609
4108304,285415,609
2100808,13793,609
3201209,185786,865
4310553,2995,1121
4216503,25939,1889
5004908,7139,2913
5000708,24114,2913
1100189,35079,6241
5106752,52018,8545
5006903,12859,17505
3165602,2240,98
3520004,23106,98
2309102,10569,98
4304630,63594,98
4320453,1941,98
4318457,2362,98
2512036,3830,98
3546702,23611,98
3509007,95032,98
4313011,3061,98
4112959,7771,354
3201159,12985,354
2111250,6957,354
5005202,21522,354
4116109,11175,354
2501708,5906,610
4321352,5212,610
3137007,14383,866
3162104,40910,866
5108808,4590,1122
3538709,423323,1378
3121209,8393,1378
2910404,19107,1890
2929909,46160,2402
5000609,39325,4194
5106422,32714,14434
4316501,6879,99
3136207,80187,99
4212809,27127,99
3543303,115559,99
4312005,1858,99
2313807,20189,99
2905008,22462,611
3550407,38256,611
3127602,11331,867
2205201,17527,867
2108009,18802,1635
5203575,3299,1635
2102606,19932,1635
2905909,30671,2915
2501906,16401,100
4205431,2682,100
3545159,8161,100
2410603,2934,100
3115508,21056,100
4307559,5582,100
4314787,1575,100
3540200,37607,356
5218391,3649,356
4119707,4070,356
2109205,11356,356
3535408,14964,356
3516606,6380,356
3109105,10911,356
3131604,7180,356
4216909,24791,356
1508035,28595,868
2105104,24794,1124
2932903,85655,1124
2310704,37813,1380
4121703,24573,1636
3119955,6133,101
4206603,4829,101
2514453,5891,101
3515657,1656,101
5103437,4903,357
3114006,11019,357
4213708,17123,357
2206753,5228,357
4307302,6787,357
3532207,5713,357
3124005,20255,357
2308401,36822,613
2311504,20874,613
2514008,4226,613
3203403,24475,869
3171600,11804,869
5213053,2614,1381
2311900,13854,1381
2925907,25272,1381
3157609,3522,2917
2207603,10103,3429
5200506,1973,102
3100401,3909,102
3172202,2356,102
3117207,2772,102
2803906,11533,102
4301636,14955,102
2806800,10327,102
2103802,23053,358
2206803,8525,358
3125952,10445,358
3301850,51696,358
3149200,3344,358
3543808,9259,358
3125408,5133,358
4310405,6427,358
1500131,7030,614
2102556,12301,614
4311775,7418,614
3160405,27295,1126
5204003,7560,1126
1703867,4007,1126
2912400,16603,1382
3126208,7949,3686
1501782,45712,3942
5000203,16741,7782
5101407,24626,24678
4101051,2918,103
2806107,9295,103
4302402,12294,103
2414209,16929,103
2511509,12311,103
4318465,1902,103
2604809,10198,103
1504422,111785,103
2929008,11026,103
2501401,9224,103
4313003,3044,103
3121258,10494,103
4318705,217409,103
4313086,2343,103
4200754,1856,103
2513802,4402,359
3536208,19233,359
2919959,6973,615
5210000,52204,615
2207934,2458,871
1504604,27198,871
2932507,18131,1127
4127106,75042,1383
2909109,13990,2663
2304707,53344,2663
5102702,25858,10855
5106307,26423,24167
4210555,2184,104
3102050,5795,104
3125002,3875,104
4205175,3402,104
4126256,118455,104
3531001,1937,104
3204252,6497,360
4128807,5798,360
2928802,52276,360
2800209,20131,360
3202256,11009,360
3504909,9969,616
2104552,18411,616
3200300,13836,616
4209102,616317,1128
2203503,13607,1384
3510203,46337,1640
5101258,14786,1640
1507979,18782,1896
1713205,18566,2664
4123204,3365,105
4302659,4966,105
2608305,15329,105
2922201,7190,105
4215406,4390,105
4315131,1739,105
2307650,234509,105
2703700,4985,105
3130408,7003,105
4314498,4540,105
4314548,2723,105
4306320,2751,361
2410256,5228,361
4120150,3110,361
4307906,70286,361
2513604,6569,361
4212270,4034,617
3550001,10337,617
3550902,13442,617
4319406,15577,873
2911659,8050,873
2414605,13577,873
3161304,5732,1129
1503507,30955,1385
2209757,2947,1385
1705102,3117,1641
2933455,12968,2921
3109303,24030,5225
5105101,34906,22633
3507753,2565,106
4315057,2142,106
2602506,7720,106
3110103,5304,106
4305934,1607,106
4101150,3235,106
3158805,4214,106
2406205,6654,106
3144706,17438,362
3501202,3915,362
4312658,17898,362
3519808,7819,362
3102001,13915,362
3517703,18606,362
2929370,10187,362
2206720,10262,362
3302700,197277,362
4306007,12886,362
3118205,6694,618
3154200,11230,618
3143450,6888,1130
2404309,11938,1130
1706506,5827,1642
5106281,6919,5226
2911600,20605,107
4217006,13509,107
3116704,7117,107
5221197,7944,107
3553104,5677,107
2517407,2228,107
3103306,2049,107
2508406,3162,107
4212650,10190,107
3157252,8458,107
3160504,1808,107
4110052,2144,107
4319737,2543,107
2303402,17210,363
2304277,6474,363
3546801,53174,363
4118709,6343,363
3129608,6286,875
2104099,17719,3691
1505106,52229,28011
1300904,16869,33643
2508307,27730,108
2605400,21427,108
2505238,6251,108
3507100,22006,108
4115754,9383,108
3539103,18370,108
4204459,2065,108
4306759,1888,108
4323309,3646,108
3148202,5576,108
2609006,23879,108
3140407,3200,108
4315453,1796,108
4319372,3070,108
2910750,17895,364
3506805,11259,364
3161908,11850,364
3519006,9125,364
2413359,13091,620
4103040,6378,620
3531902,27933,1388
2901205,25438,1900
1720978,2456,2156
5105606,20091,5228
3150158,8529,109
4202057,14912,109
3300951,8741,109
4314050,52058,109
3537107,43112,109
3106002,10167,109
5206503,3883,365
3112604,14655,621
1502202,70394,621
2915304,6347,877
2202455,3974,1133
5203401,7826,1901
2920502,27620,2413
5211305,6101,3437
1508308,58692,4973
1506195,35769,7021
4218608,7274,110
2702702,3963,110
3160900,3989,110
4302204,6966,110
2410207,7601,110
3548104,6126,110
3531209,8627,110
3515152,19566,110
4311239,2251,110
3504602,27260,110
2803302,16209,366
4103602,23212,366
3106408,8627,366
4202305,76773,366
2925931,9461,366
3153004,3559,622
2805604,26576,878
5108352,2904,1902
4317400,48938,2414
1600238,6666,4974
1400050,21096,25454
3300225,11828,111
3145703,2027,111
2616506,11611,111
4211306,86401,111
4312625,1721,111
3112208,4362,111
3514601,9471,111
3130101,45847,111
2500502,13725,111
4312609,4601,111
3528858,3292,111
3156452,4734,111
3536000,10580,367
3115003,2712,367
4317905,15320,367
3128907,8478,367
2306801,10356,623
2109759,6697,623
2305266,11956,879
2211001,866300,1391
4311759,6801,1391
2210607,38934,2415
5207907,13744,3695
5101605,7253,11375
2304806,4841,112
3127370,2830,112
3155009,2484,112
2200103,4940,112
2309805,11186,112
2406403,2567,112
2701803,8999,112
2209351,4125,112
2709400,24092,368
3302601,41220,368
4216107,9226,368
2405702,11655,368
3109501,11410,368
3108909,14246,368
2307205,7861,368
2411205,37313,624
2512002,17469,624
2918902,3845,624
3158201,12788,624
1708254,3455,624
5221809,3553,624
3100104,6272,880
2206209,32150,1392
1507151,21092,1392
2926400,30711,3184
1503093,26362,7024
3171402,3700,113
4120705,8099,113
2611408,13838,113
2613800,16677,113
3140530,8396,113
4201703,8319,113
3149408,1810,113
4217758,2832,113
3131158,17136,113
4305835,1290,113
3301504,20783,113
3524808,48776,369
2902203,9833,369
2105153,13974,369
3552700,14769,369
3508504,96202,369
2512309,21114,369
5107198,2593,625
3554102,310739,625
3152402,13666,625
4204202,254785,625
2305001,42053,625
2201960,8436,881
3548906,254857,1137
2105500,24709,1137
2206605,10660,2417
2921708,33594,5745
1503903,50881,8305
4322855,1818,114
4321469,3267,114
2501153,2005,114
4319505,24428,114
4306700,3079,114
4207577,2877,114
4120853,4480,114
2403202,7044,114
2705200,15405,114
4315073,1560,114
4310413,2014,114
3122801,3095,114
3527256,1950,114
3165206,6904,370
3201704,11937,370
3117702,12541,370
4219358,5370,370
3118304,131621,370
5214879,3010,626
3130051,10677,626
3147402,24107,626
2923902,9370,626
2305803,41081,626
2304202,131050,1138
2916005,17813,1394
3134707,11042,1394
3134004,13745,1650
5108857,3529,1906
1700251,2576,1906
1100700,8844,3442
5107578,3505,12658
3169059,3826,115
5200159,2297,115
3521408,21967,115
2401206,13251,115
2612471,11567,115
3171154,4899,115
4300554,1800,115
2908507,35308,115
5212055,2123,115
4205704,29959,115
4312179,1795,115
3166402,1819,115
2100105,6144,371
2209609,2842,627
3126802,5640,627
2912301,13934,1139
2917003,33872,1651
2916401,65897,1651
1200054,8100,4979
2903201,159734,8051
1303536,30668,25459
1301209,70616,57971
4102703,2814,116
2604155,12967,116
2504801,14683,372
3139805,12721,372
4105102,10832,372
3134509,4217,372
2703304,15167,372
3139409,91886,628
2923035,11162,628
2516508,14068,628
3120201,12197,628
3130309,6826,628
3555000,63928,628
2924504,14731,628
2904209,11024,628
2104404,17206,884
4305108,463501,1652
1501956,19630,2420
1503044,17898,3444
5106257,24345,5492
2707008,2731,117
2402907,4237,117
2511004,3739,117
3121902,4226,117
4210035,5794,117
4107652,148873,117
2509602,4338,117
2705903,4330,117
3170578,5780,117
2502508,17598,373
2311702,18606,373
2210201,6597,373
2913804,13709,373
3155702,14631,373
2702405,51318,629
4121802,12364,629
2900355,14201,629
4113700,555965,1653
1200252,18757,1653
2928208,24755,1909
2202251,3414,2165
2102036,28599,2677
5104104,31024,4725
1712702,2748,9589
5107958,106434,11637
4107306,6327,118
3549300,2242,118
2504355,5254,118
4115705,39259,118
4309571,2565,118
3122355,6321,118
2406007,5803,118
2406304,7338,118
2706604,6576,118
3533254,4412,118
2601003,10241,118
2807600,23917,118
4205159,3637,374
3525508,12815,374
2404705,14131,374
2614204,37596,374
4210605,17162,374
3102407,4159,374
3536406,7955,374
2906857,10744,630
2600500,41548,886
2301703,23714,886
5219308,38492,1142
3201506,120033,1398
3514809,13069,1654
5001243,10748,1654
5102793,10332,2422
2614105,32811,2422
1715101,3969,2678
3169356,28895,2678
3148004,159235,3190
5005707,50457,3190
1100379,11479,3958
1504505,27881,6774
5214606,34964,9846
1301407,33170,14966
3500808,4445,119
4301057,11057,119
3137908,3184,119
4207403,5982,119
4320230,2704,119
3507209,907,119
4320651,2028,119
2601300,12263,119
4323606,1590,119
4121901,13060,375
3135357,8127,375
2501575,8059,375
2105906,14769,631
3116605,30159,631
5000906,9303,1143
3108602,32025,1399
1711506,3334,2167
2100501,11109,11127
1500859,31850,11895
4306957,2685,120
4215687,2576,120
2301406,11224,120
3162609,7070,120
4309308,92924,376
3130507,12741,376
3144904,3663,376
2501302,18705,376
4122172,3808,376
3544202,10309,632
3171071,5181,632
2104651,10713,1144
1300508,31051,5752
4300406,72409,7800
1708205,18881,13432
2916104,19789,121
4107538,4575,121
3502507,32569,121
3162302,2914,121
3145059,6706,121
2608255,11517,121
4113809,4813,121
2514800,3411,377
4122651,5435,377
4219507,51607,377
3121407,7653,377
3514106,24510,633
1721307,1874,889
2902807,26026,1657
2101202,103711,1657
5204102,11513,1657
1720150,1783,1913
3171006,19975,1913
2201309,3264,2169
5102694,4485,3449
5215009,9481,122
2603306,11093,122
2401701,9952,122
5203559,10296,122
3542107,8965,122
2500734,2234,122
2413557,4659,122
3145877,8437,122
4314001,7194,122
3507308,4715,122
2908903,26692,378
2600104,40241,378
3108800,4441,378
2303204,26320,634
2932804,16277,634
2924207,13954,890
4215505,15546,1146
2929255,18600,1146
5212501,209129,3962
1503101,31786,8570
3501707,33019,123
2608206,13269,123
2510709,2463,123
4313490,4272,123
4119657,3046,123
4310751,1929,123
2509057,8999,123
2312601,10822,123
4110409,4448,123
4114302,27439,379
2927903,10300,379
4205001,15008,379
4106407,45206,635
2106672,8818,635
2606507,17165,635
2401305,9730,891
5103809,3187,891
2300705,14155,1147
3170438,3828,1147
2106359,7027,1403
2603009,30294,1659
3127107,58588,2427
4315602,191900,2683
1100080,12627,4987
1301605,25871,12155
3119906,4272,124
2503605,6602,124
3532843,2032,124
2413805,2338,124
2503555,7223,124
4310306,4157,124
2403251,252716,124
3153608,11466,124
4125209,9378,380
3301603,10980,380
1707553,3467,380
2610202,22991,380
3132800,2142,380
2209005,5801,636
3124708,2772,636
2106326,21149,636
4203154,3443,636
4101200,18091,892
4203808,55016,1148
4210100,55286,1404
2605103,37699,1404
1504752,23501,4988
2102804,24062,6268
4301073,2599,125
3151008,9120,125
4301651,6461,125
3123007,10007,125
5203609,3992,125
2404408,9924,125
2709004,5796,125
4204194,2950,125
2400505,13640,381
3136520,3969,381
3166105,3067,381
2804904,12502,381
3146404,4224,637
2923100,22633,637
3160702,42406,637
2909604,19729,637
2308609,17149,893
1100908,3233,893
2210623,3202,893
3134400,38295,1405
5103361,3760,2685
2210409,17554,4989
5100201,29219,7549
4317954,2349,126
4318440,2912,126
2600054,98462,126
2403301,6016,126
4312054,3969,126
2411106,3206,126
4322343,1994,126
4317558,2091,126
3551504,43909,126
2613107,37126,382
3123106,5029,382
4101507,119138,382
3300506,28102,382
3300209,129671,638
2512101,32473,894
5203500,23958,1406
5104807,28569,2430
4117305,24192,2430
2107506,145643,127
3554953,6778,127
4123824,3644,127
3144359,6303,127
2404804,2035,127
2410702,2701,127
2408706,3579,383
2919058,7494,383
5211404,7736,383
2801405,19939,639
3510708,11345,639
3109006,38915,639
5212956,4042,1151
2208403,65538,1407
3513603,22110,1407
5002803,5036,2943
1101468,2156,6015
4206009,16915,128
2500403,21013,128
2400604,4687,128
3511508,44695,128
3164803,1259,128
4310850,3779,128
3525805,4254,128
3548401,3899,128
4218202,46099,128
2801900,3824,128
2510600,2918,128
2410801,4127,128
2929354,5315,128
1502608,12868,384
4219309,55466,384
3154903,12789,384
3105707,5666,384
4114906,8677,384
3526407,26261,384
4115606,18450,640
2200509,17234,1152
2110708,34034,1152
3521200,4046,1152
4119608,33567,1664
3136009,13888,1664
5003488,11100,2432
1100114,50591,2944
4320701,14226,129
4116604,3280,129
4320578,1830,129
2707800,6474,129
2310100,10242,129
4212908,21972,129
3549201,2580,129
4215109,12757,129
4112603,1343,129
4111308,3572,129
3520608,5090,129
2209401,5839,385
4100905,4762,385
2911253,4360,385
3532827,8497,385
3513207,9272,385
2917904,9285,641
3523909,168240,641
2904001,13622,897
3145604,39262,897
5216304,7607,1153
3169703,20000,1153
5102850,7506,3713
5004403,8404,5761
5300108,2817381,5761
2201150,13272,7809
4200309,6055,130
4107751,8062,130
3203320,41929,130
2406809,4787,130
3547205,1670,130
2300150,14027,130
3160108,4229,130
2204659,9274,130
3544301,10832,130
3538600,26029,386
2302057,14567,386
3143153,4381,386
3543501,5599,386
3204351,19274,642
3517901,10350,642
4109708,28830,898
2702306,50414,898
5221577,2798,1154
3164209,10315,2434
3101631,6931,131
2700508,16365,131
2609501,30648,131
4322350,1170,131
3124609,2186,131
4108551,2977,131
4309126,2014,131
4116505,1323,131
3509205,92689,131
4312302,4427,131
3112109,5048,131
4304606,347657,131
2929602,17963,131
4201307,45283,387
4311254,5341,387
2804201,14336,387
4205902,72570,387
3303104,15074,387
4100459,3590,387
2207751,4135,643
2919157,25736,643
2926301,33386,1155
2301604,21697,1155
1600212,4461,2179
3113701,18615,3203
1200401,364756,8835
2407500,10255,132
3157500,4039,132
2501351,4152,132
4302055,2082,132
3119609,2762,132
4302600,3268,132
3553203,6548,132
4115408,15901,388
4124806,11886,388
4202206,10520,388
2926509,13841,644
2301208,25553,644
2905305,17466,644
1718881,2680,1412
3138104,7124,3204
5106778,12127,3972
2404903,5320,133
2309706,81524,133
3545209,134319,133
3503703,7602,133
3120409,4667,133
3516408,144849,133
3548203,7133,133
4201273,4378,133
4218756,4916,133
3122207,6516,133
3515186,39816,389
1702554,17484,389
2922607,12063,389
3503307,130866,645
2200806,3152,645
4110508,14142,901
3135100,70699,2181
2202026,7434,2437
3161700,7375,2693
1302553,17107,3973
4307864,2566,134
4306452,3097,134
4305116,2721,134
2608107,27725,134
3507159,3555,134
3303302,481749,134
5200852,5259,134
3546504,6118,134
3501608,237240,134
3530904,3722,134
2614600,27681,390
5205497,91767,390
5213004,10304,390
4217907,8143,390
3128253,5051,390
3145109,16387,390
1703602,1974,646
2932606,15355,902
5203906,10495,902
3151503,36062,902
3162708,23910,1926
2202851,4250,1926
5222302,5815,2182
5106455,3166,2438
1504703,84094,9094
4309704,4681,135
2414308,2348,135
3539905,5592,135
5219738,7386,135
4322186,1374,135
3302502,228127,391
2802106,65078,647
4204558,15727,647
2601706,79507,647
2924652,10325,647
2922052,13152,647
4127007,9547,903
1701101,4856,1159
1505551,6931,1671
1718865,7216,1671
2300408,14076,2439
3107307,48032,3207
1200344,11996,10631
3102506,4541,136
4117206,5833,136
4319901,75648,136
2300507,11369,136
3167509,2947,136
3521150,6761,136
2403509,10620,136
4118451,5733,136
2511905,16751,136
2109601,38475,648
2104602,13930,648
4110607,15746,648
4302006,9296,648
5205471,12870,2184
5103601,7872,2184
5105176,10213,3208
5107065,26769,17800
2615508,13867,137
4211454,4536,137
4116307,3951,137
2205953,8533,137
2803708,6838,137
3169109,7214,137
5215900,3851,393
2100436,24048,393
2602308,37474,393
3165305,6804,393
3106101,3244,393
5215207,3527,649
1716703,8941,1161
5102686,8822,6793
1302603,2063689,11401
1303809,51795,109193
2614402,5210,138
3162575,5331,138
3532702,4750,138
4310108,32808,138
2913309,6190,138
4303558,2981,138
4102208,3980,138
3512407,24514,138
2111706,19498,394
2402709,11000,394
2205557,8256,394
2209955,4383,394
3101201,6233,650
2111003,18544,650
4311809,45124,650
2205276,4494,650
4104659,23283,650
5216908,2328,906
2916807,17052,1674
4311205,18226,1930
3516507,2763,139
3170503,10600,139
4217253,5776,139
4202107,45369,139
3301801,12242,139
3536505,110537,139
3523800,8046,139
2708204,6555,139
2609709,21808,139
2909802,60348,139
4111704,5427,139
4311270,1738,139
2904902,29250,395
3170701,136467,395
2508000,9234,395
4211900,222598,395
4115739,3267,395
2933000,24362,395
3541703,13163,651
3142502,2169,651
3550100,37289,651
4117909,35011,651
3543402,698642,651
4308458,4477,651
2920106,17674,907
4215000,39261,907
3132701,21042,1419
4317004,7024,1419
1101401,11548,1931
1304005,11559,3723
5107768,3276,4747
4316956,6340,140
4205605,3210,140
4306809,22962,140
3106903,13978,140
3551900,14576,140
3522901,13659,140
3535903,4031,140
4200507,6036,140
1714302,4521,396
3170750,6969,652
3104007,111691,1164
5219258,4951,1164
3200607,94765,1420
5202155,7153,2188
1304203,73669,23692
3524709,59347,141
4204103,4614,141
2403608,61635,141
2408409,3905,141
2800704,7841,141
4107520,1849,141
5219100,6149,141
3119708,3486,141
4213351,3210,397
4305405,3913,397
2708501,30873,397
3305307,7750,397
4128005,24749,653
3520442,25549,653
3200805,30674,909
2111409,17818,909
4311122,3690,909
2203701,40970,909
2111789,10202,1165
2109007,23903,1421
4313706,33216,1421
5005103,3586,1933
2911808,19049,2189
5004304,13808,2957
1502954,28192,2957
1501253,4031,2957
5108006,14370,4493
5214838,12815,7309
3112059,3974,142
3551207,3704,142
4321436,10334,142
4103503,8710,142
3165503,5104,142
3115409,3110,142
3121506,2994,142
3525409,3863,142
2702504,9805,142
4128500,19188,398
2108405,11108,398
2210979,2316,398
3506904,10460,654
2313401,81506,910
2207959,4076,910
2111029,12251,910
3124104,85598,910
5107263,2519,1166
2931350,145216,1166
2411403,12456,1422
1300086,9962,2446
2928406,27390,6030
5103700,10521,11662
3513504,112476,143
3556354,10512,143
3500402,7369,143
2407609,4274,143
3162559,11246,143
4321600,54387,143
5210562,4963,143
5200050,19128,143
2915700,7051,143
3531100,61951,143
3305752,31086,143
3133105,15236,143
4217709,29991,143
4308052,2520,143
3122603,4899,399
2802304,14530,399
3117009,6660,655
2933505,24474,655
2302503,51090,655
2112803,51442,1167
3502804,200124,1167
2612208,62372,1679
2109809,41561,2191
5211503,107970,2447
2207009,38161,2703
1717909,7586,6543
1505502,105550,19343
3168705,81579,144
4313805,7839,144
3151305,11610,144
2101970,7574,400
3114501,18003,400
4125407,6040,400
2204105,4412,656
2209559,4358,656
2926905,10497,656
2918753,14105,912
2103158,12342,1168
2100204,18467,1168
1701309,5290,1168
2208551,2364,1168
4303509,62200,1680
1703909,4847,1680
1707652,5211,1936
3129509,22229,2704
5007208,37601,3984
1400159,13923,8080
3502754,21522,145
3518701,287634,145
3524501,7613,145
2807006,3434,145
3138674,6956,145
4109757,6218,145
3553005,12669,145
1718451,2193,401
2207306,4088,401
2502805,13613,401
2914802,186708,401
3138500,4737,401
3519253,8010,401
3119807,2960,657
2802403,11096,657
2918357,24854,913
2108108,20341,1169
1720259,2385,1425
2202208,45793,1681
2917508,82590,2193
1303205,15761,37777
4213104,5769,146
3505609,32092,146
4312427,2756,146
2507101,18382,146
2301802,5704,146
3127354,2928,146
4206751,2008,146
1508209,50832,402
2104628,7063,402
3550704,81595,402
2206506,7577,402
3539400,15108,402
4116901,26585,402
2803401,13407,402
2202117,4616,658
2906709,25247,1170
2910727,113710,1426
2904100,19322,1426
5204805,7422,2450
1300060,10819,4754
5007901,47118,5266
5220504,8027,5522
1500305,37765,8338
2604007,79293,147
4320321,2673,147
4309258,1417,147
4202073,15669,147
2517209,4864,147
3532009,13720,147
3144672,3151,147
3555901,1387,147
2512606,1743,147
4301925,1696,147
2516151,3345,147
2512507,47658,403
4105607,11467,403
4211504,13727,403
3526704,98161,403
3164001,7166,403
3551702,126887,403
1704600,1501,659
3150802,17018,659
2932101,18626,659
4121000,10685,915
2705002,21844,915
2211100,46119,1171
3529005,237627,1171
4311718,4425,1683
2903409,20121,1939
3149804,17151,2451
2208908,6164,3987
5002704,898100,8083
4102752,4031,148
2101772,11750,148
3511201,7003,148
3543105,4608,148
3544707,2474,148
2800506,18081,148
3555307,1669,148
4202081,3144,148
3551009,329911,148
3546256,2116,148
2608404,13648,148
2707107,22609,404
2411809,3492,404
3500550,7177,404
2614303,10540,404
3554508,37663,404
3203056,28931,660
3509403,23830,660
3138807,17875,1172
5108105,3025,4244
1300102,17194,6036
2604304,10518,149
3556206,126373,149
4307450,3226,149
3529658,1952,149
2703403,5083,149
4312757,3163,149
4321634,2591,149
3513306,2108,149
3156106,4994,405
2513505,5010,405
4113734,6690,917
2921450,10187,1173
3140852,8895,1941
2207801,21055,1941
1101609,8113,2197
2107357,14314,2453
1502939,58484,5269
5201603,3799,150
4215653,9792,150
3556107,14098,150
4313359,3466,150
3541000,349935,150
4314134,2144,150
4216602,270299,150
3504800,9596,150
3130606,7301,150
2209807,4837,150
3546207,4277,150
3514007,8759,150
3505302,34346,150
4215752,2684,150
3522653,4306,406
3118106,4831,406
4204509,15267,406
4209151,5985,406
3170305,2684,406
3505351,5179,406
4125357,6504,406
4100509,18742,662
5201702,18390,662
2102507,16412,662
3530102,27983,918
1711951,3516,918
4318622,4172,1174
2110104,23957,1430
2100303,23286,1942
2931905,48736,2198
2305605,24024,3222
1600154,12847,9622
4203709,12821,151
3165578,6206,151
2503001,21193,151
2927309,14987,151
2408953,10351,151
3522208,158522,151
2615102,6513,151
2310605,8972,151
2901957,6913,151
4113429,3938,151
5200902,3007,407
1720200,13241,407
2511202,29662,407
3169901,103365,407
3162906,25565,407
4107736,6255,407
1506302,24129,919
2300754,42156,1175
4319802,8097,1175
1502855,14117,1431
1507201,30599,1687
5107909,196312,3991
1303957,11670,10647
3154150,7848,152
3161601,3305,152
3163805,6334,152
3153509,8397,152
3554904,6804,152
4103024,2455,152
3127388,4053,152
3537156,2804,152
4216354,4463,152
4211652,2643,152
3300258,30986,152
3125804,2789,152
2413102,5965,152
2308203,15157,152
4126272,6108,152
4323358,2079,152
3168200,1690,408
4105904,22896,408
3156403,3386,408
3164605,8815,408
3517604,17071,408
4100608,13909,408
3121100,7952,408
3201407,36930,664
4313508,47396,664
5106273,3349,920
3508801,16654,920
3156809,14240,920
3528700,4573,920
2910776,5631,1176
5217302,26690,2200
4303004,80070,3736
3552403,279545,153
3555208,1818,153
3133758,14406,153
4306973,3054,153
4120333,3709,153
3116308,5581,153
3115904,3075,153
2401503,3986,153
3505005,3531,153
3123403,1461,153
3130002,2698,153
4118857,7189,409
2311231,5974,409
3134806,7495,409
2918001,158813,2969
1303502,19373,41625
3135902,5138,154
2709103,19032,154
4319703,3264,154
3153806,1770,154
3546900,7149,154
3501400,4808,154
1702901,10262,154
3548005,23244,154
2514602,3242,154
2306256,64650,154
3129202,6134,154
4219408,4255,154
4111555,6831,410
3170602,2158,410
3542503,7662,410
3548708,810729,410
3144102,21891,410
2902658,11958,410
3200409,29984,410
3132206,13846,410
3115102,17155,666
5217708,18309,1434
2920403,13860,2202
2509107,21512,155
3538204,15224,155
3527801,3981,155
4312674,1932,155
2516706,14631,155
3154606,329794,155
3535705,6099,155
3512803,59773,155
2804805,192330,155
3142304,5125,155
2411007,4242,155
4306205,11600,155
5215504,7200,411
3549409,48558,411
2106508,22034,411
4304705,61804,667
2610806,22795,923
2604106,378048,923
4105300,11087,1179
3168101,4118,1179
2201051,7452,1691
2919801,41859,2459
1100015,21494,7067
3109907,11435,156
3515103,66970,156
2205573,6331,156
4207601,4578,156
2304905,10910,156
4206801,3269,156
5204854,8081,156
2805208,5677,156
4120408,4336,156
2607703,13791,412
2308906,22753,412
5214861,8310,412
3138682,6210,412
3107505,6783,412
3500105,34687,412
4127882,6219,668
3506003,379146,668
2511400,18333,668
1507474,20689,668
1703206,4229,924
3303807,45243,924
3136702,540756,1436
3141405,20156,1436
2903003,13836,1436
2925501,35003,1692
2208205,17613,1948
2903805,16873,2972
5207253,6956,3228
5218706,3980,157
4123600,1748,157
4218350,3782,157
3503158,2330,157
4215356,3632,157
4301008,21958,157
3167301,2323,157
4301552,3396,157
3140803,14121,157
2923308,7716,157
4311734,3131,157
3305703,15206,413
2313252,7529,413
4112504,12004,413
3300704,222161,413
4304671,3991,413
2914653,28165,925
2917607,45964,925
2930907,11979,1437
5100607,10904,1437
4319604,21219,2205
2908101,19151,10141
4305132,3802,158
2924108,6235,158
3506409,7319,158
3114907,2214,158
2514552,3416,158
4107900,10458,158
2506004,31231,158
3128808,7131,158
2701902,5910,158
2413607,5487,158
2308807,8254,414
4314308,3745,414
2101350,5252,414
2305308,23965,414
3527207,84855,414
3518859,7320,414
4120507,10082,414
2910008,10820,414
4319125,2860,670
3537206,11281,670
2303006,16377,926
4303608,6361,1182
2111078,16889,1438
3139300,18886,1950
5207535,7070,1950
2921906,12137,2462
2104800,73872,8862
3104601,14138,159
3202009,6596,159
4310462,1720,159
3536802,6557,159
4205555,2411,159
2201408,6640,159
3104403,2688,159
4112702,11813,159
4314803,34071,159
3140100,4224,159
3143609,2411,415
2917300,21902,415
2903235,13453,415
3525607,4371,415
5220405,17020,415
3552007,6186,415
3150505,8563,415
2305209,17855,927
3201605,27458,1183
5212808,10700,1695
2927101,10308,2207
3104502,17272,5279
3500758,6141,160
2101103,11790,160
3113107,2933,160
2602407,9079,160
2612901,13113,160
4218400,7362,160
4212403,4245,160
3532900,9311,160
3162658,3972,416
4127601,17621,672
3203908,49065,1440
2206654,4377,2208
2904605,70510,2208
2104057,33294,2720
2100956,25517,2976
1301654,13815,7584
3109253,4041,161
3523701,5779,161
3101300,2749,161
3158409,3489,161
4102604,9759,161
4117297,3125,161
2305233,74755,161
5101308,10576,417
5004809,8148,417
5205455,8090,417
5219902,6378,417
3501004,16818,929
2313500,58415,929
2209302,5336,1185
4126306,17270,1441
1704105,2131,1953
1200385,16560,1953
2919504,43903,1953
2101509,18984,2209
5106109,12940,5537
4106571,4133,162
2803609,23975,162
4321501,41751,162
2506301,57484,162
4216008,10282,162
5206701,3770,418
4307831,2633,418
3205036,19563,418
2705507,25187,418
3157278,3095,418
4113304,32227,674
2210359,4410,674
3550209,32039,930
2917706,32703,2466
4127502,19961,2978
1703842,8653,3234
2607802,16554,163
3161056,3200,163
4320404,16961,163
3104106,9177,163
3543600,4049,163
4107207,44869,419
4204178,3317,419
3115458,7030,419
4104501,20481,419
4316105,9777,419
2409902,12278,419
5101209,1010,675
4205407,537211,675
4311106,10579,675
4109906,8991,675
2908606,23654,931
2110401,18364,931
5103908,6037,4515
5102678,44585,4771
5006200,48563,4771
5007109,23150,17315
2505006,7580,164
4305871,2822,164
3135001,3092,164
4216255,6295,164
4106555,3760,164
3549706,52205,420
2709301,59280,420
2921302,11071,420
5205000,9710,420
2111631,5650,420
1502905,41262,676
3533502,38324,932
2110237,10567,932
2910503,38098,1188
2613909,92228,2980
1707207,6327,3748
1600303,442933,6564
2902708,51092,11428
3125309,3188,165
2908200,20800,165
3131307,227731,165
4110003,5338,165
3121704,3549,165
4112405,9144,165
3161403,4800,165
4217402,20061,165
4207759,3986,165
2503506,16064,165
4103800,9460,165
4321709,24425,165
3143005,13046,421
4107256,9161,421
2305357,21433,421
3557105,96634,421
3159308,4755,421
4118600,5666,421
2916609,10279,421
4321808,24916,421
3517000,10232,677
3159001,5313,677
2406700,9866,677
2206001,4724,677
2304103,76390,2981
1702109,171301,4005
3530409,4669,166
2412500,23537,166
3166303,7345,166
5219506,2820,166
4208005,7067,166
4206207,12435,166
2929750,11438,166
3165701,7716,166
4312443,3071,166
5207808,10419,422
3146503,8142,422
4305975,2667,422
3512001,18486,422
4126207,6695,678
3162450,13024,678
2406106,17793,934
3128105,13772,934
2801207,26834,934
2927606,14965,934
4304358,10710,934
1722107,10517,1190
2112852,10362,1190
2312205,40183,4262
1100098,29414,4518
4219101,3634,167
3547106,2956,167
3540903,17078,167
3120607,5434,167
3168507,12255,167
2705309,4845,167
3164407,6387,167
3126950,3391,167
4306130,1635,167
2407005,9070,167
3101805,6903,167
5208400,13967,167
3527702,4701,167
4124301,2125,167
3526605,7171,167
2408102,751300,167
2901106,24138,167
2603702,24329,423
3203700,18153,679
4317509,76917,679
3133303,19151,679
2205516,5214,935
3303401,189939,935
2615805,26937,935
1100148,15679,1703
3145307,26975,1703
2112704,43261,1959
2208700,8394,2471
1302405,45448,68263
1700400,6499,4007
4308607,34335,168
4320602,3406,168
2907905,17230,168
4121307,3512,168
2807204,7834,168
3551306,3130,168
2900603,4447,168
2701100,9603,168
4312252,7505,424
2305332,11611,424
2313609,32767,424
3147204,21723,424
5204201,1405,424
4100806,10326,424
4318408,21028,936
4110201,9670,936
5221551,4985,936
5201108,398869,936
1101302,9235,1192
1718501,3421,2216
3203205,166786,3496
2204402,10892,3496
4308250,1668,169
2610103,7031,169
2411056,5382,169
2407401,8179,169
2502102,5207,169
3511904,6982,169
2205458,5394,169
3545001,15202,425
4121604,6845,425
4312401,64322,425
2312809,7262,425
3537909,27619,681
4122156,13929,681
2201606,9929,937
4312617,2879,1193
2113009,30845,1193
1301852,61163,2217
5106265,6520,5801
1302504,101883,7337
4210506,28251,170
3521002,36459,170
4308003,6702,170
3515608,5942,170
3510302,22866,170
2513968,2595,170
5202809,2868,170
2701506,8143,170
2111748,10207,426
4301107,14601,426
4306056,7299,682
2709202,23565,682
3157104,6110,938
2925105,48293,938
3305604,21352,938
1713957,3367,1194
3140001,61387,1194
1200179,10392,1706
2105476,17076,1962
1100601,4150,1962
3103504,117808,2730
3168606,137418,3242
1714203,8754,3242
5104559,5020,4522
5103353,35075,5802
4117503,45962,171
2405306,9051,171
3505807,21503,171
2504603,27605,171
3166006,5483,171
4126652,3440,171
4318424,4461,171
4319109,5481,171
2703205,21372,427
2907509,48148,427
4123907,11066,427
3204609,22808,683
2201002,4520,683
3506102,76373,683
4202503,4026,939
4127965,14231,939
1100064,15663,1451
2313302,61227,4011
5101852,7280,4267
2918100,37626,4267
1702406,10287,5803
5107701,15453,7339
5101803,69210,8363
3135308,4506,172
2508802,6046,172
3171501,3038,172
2801108,3791,172
4315172,2025,172
4314159,7978,172
4206306,24543,172
3136603,5909,172
2910909,4873,172
3158300,6691,172
3106606,4451,428
2205581,4810,428
2603900,18644,428
2930766,14773,684
4305306,9540,684
4106506,23331,684
2100709,25322,940
2307403,23922,940
3508009,20250,1196
3162500,90225,1452
2112605,32812,1708
2914307,10752,1708
5205521,4030,1708
3170800,33744,2220
2109700,5568,2476
3170107,337836,4524
5106182,6670,4780
5208004,115901,5804
5002308,11579,5804
1301951,10937,25260
4300455,3651,173
4310538,5572,173
3545100,4808,173
3148806,3311,173
5220280,2143,173
4305959,3846,173
4203105,6304,173
3515400,16641,429
3144805,111697,429
4307005,105705,429
3147709,8473,429
3201001,13608,429
5207105,2062,685
5213905,4654,685
3139607,26535,685
3157203,30466,685
4116208,18309,685
3200102,30684,941
4112009,35141,1453
1715754,6975,1709
2208858,4165,2221
5107305,14911,4525
2100055,106550,5805
5106240,11530,12461
5105507,16774,13485
3148756,7320,174
3169000,16185,174
2505709,10380,174
3103801,2631,174
4201505,8834,174
2902302,8677,174
2504850,1824,174
3201803,5083,174
2202752,6150,430
3301900,224267,430
2607406,4284,430
2207793,3880,430
4209706,11472,942
4127700,150470,1198
1100296,7419,1198
2107803,31250,3246
2209203,6087,5294
3111705,4715,175
2706000,10812,175
4306304,4321,175
2412401,4558,175
3541059,5126,175
3146206,5757,175
3160603,2717,431
2412559,10221,431
4207502,71549,431
4208708,10624,431
3525904,443221,431
3539509,33674,431
2514503,19067,687
2106805,13978,687
3525300,133497,687
3138401,51145,943
2917201,17914,1199
4317707,10300,1711
2103208,81386,3247
2907202,72086,9647
4117404,3187,176
4118303,2398,176
4103156,3980,176
4320305,5107,176
2702603,22712,176
3538501,12490,176
2406502,15573,176
3547809,748919,176
3511706,15535,176
2901007,36521,432
2306306,46426,432
3133006,14786,432
3136801,3768,432
3137700,20835,432
3549805,480393,432
5216007,2455,432
2706703,58650,688
5219753,72127,944
3304557,6211223,1200
3113503,8512,1456
3105103,23546,1456
2107100,18554,1712
5209101,35664,2480
3132503,32948,2736
3153400,18765,3504
1501204,51641,3760
5102504,89681,24496
5003207,96268,64432
3509304,9133,177
2507408,7516,177
3165560,2433,177
3203106,11575,177
2508109,4415,177
4305207,13705,177
3133600,12692,177
3302106,22919,433
3146750,6301,433
2207553,3813,433
4115101,9847,433
3205150,8911,433
3204054,21522,433
4310207,84780,689
2706406,23823,689
3519600,60033,689
2108801,17714,689
5209937,5954,689
4304200,28906,945
3200904,42498,945
2307502,30802,945
3118809,25377,2225
3549250,1846,178
4215307,7489,178
4310900,3338,178
2932309,16094,178
3145406,1945,178
4321451,32797,178
3503802,51456,178
4205100,4221,178
4122107,3197,178
2106300,13807,434
3504206,13692,434
2906600,13016,434
4126900,5745,434
4104055,4027,434
2910107,11884,690
3169406,55255,690
3141306,3900,946
4125506,329628,946
4118402,92001,1202
2918456,9655,1458
5203807,5695,1458
1100288,56406,1458
1100155,35044,1970
1400704,13751,8114
1501006,18290,17074
2205854,8032,179
2910305,7808,179
3502606,4086,179
2603405,5228,179
2313955,18105,179
2513000,3355,179
2204154,2929,179
2603108,19899,179
4210704,2761,435
4106902,1773718,435
4102109,25475,435
3204708,32252,435
3506706,12978,691
3151909,8350,691
2202000,19654,691
2203800,4414,947
2309409,27545,947
2203008,7356,1203
2105005,25680,1715
5215306,16399,1971
1721000,302692,2227
1504901,45368,3763
1100304,95832,11699
5103106,6220,16563
1300706,35447,21939
1301001,28742,25779
2111201,244579,180
4120804,24191,180
4321006,10592,180
3117801,10880,180
3547304,154105,180
3119005,3200,180
2704807,13679,180
4212239,4267,180
2507804,6793,180
2708006,46220,436
4218301,19746,436
2310803,15274,436
4301750,5889,436
3532603,9852,436
2902252,10191,436
5002951,30993,3252
5104203,10966,5044
5204409,16513,8628
4122800,4075,181
3136553,4268,181
4322103,5542,181
4323408,4413,181
2932200,17596,181
2900306,13795,181
2300101,10038,181
4321857,4716,181
3516804,3252,181
3113602,6816,181
4111506,32720,437
2310001,9346,437
2207702,162159,437
2927408,2417678,693
4216800,8708,949
4313656,12844,949
2929701,16008,949
4313607,3629,182
4208609,4310,182
2800308,602757,182
4310504,7482,182
2505402,8067,182
4125456,3957,182
4207304,52579,182
3306305,261563,182
2403905,2700,182
2509305,8244,182
2109239,4696,438
2806701,95612,438
4314464,2248,438
2920601,35859,438
2607307,29009,694
4217808,18310,694
4204806,40045,950
2202778,6994,950
1716653,4921,1206
5210406,44734,1462
1100262,3471,1718
4203600,36932,1718
5106653,6932,2742
3159803,20973,2998
2933307,370879,3254
5218805,225696,8374
3512209,28101,183
2909505,4415,183
2802205,5975,183
3540101,3395,183
3532868,1062,183
2514305,5034,183
3154408,4548,183
3139508,20613,183
3158607,3747,183
2803104,4745,183
2512705,17885,183
4205456,31431,183
3522158,3422,183
4304689,11159,183
3546108,2598,183
2107407,17919,695
1700707,8802,1207
5219704,10645,1207
2927705,29185,1463
2103257,12878,1463
3154457,6863,1719
1717800,4220,1719
3116159,12355,3255
5007802,8142,3255
3509452,5954,184
2500601,21730,184
2207108,2637,184
3524907,6397,184
4216404,8668,184
2910057,71485,184
3557006,127923,184
4101903,13797,440
3171808,10314,440
3137205,51412,440
3102704,9110,696
2304236,17481,696
3153202,3465,696
1702703,3342,696
5209705,27742,952
3165909,4008,952
3117504,23163,1720
1716604,9317,5304
1303569,24936,5816
2506103,11049,185
3538105,14542,185
3102852,7718,185
2610301,12199,185
4310579,1937,185
4308854,1744,185
4307807,32183,185
3202652,13710,185
3158102,4755,441
4320503,5541,441
2513406,14959,441
2204352,5445,441
2805505,21794,441
2409704,6242,953
5210901,21087,953
2925709,12621,1209
4312500,12090,1977
2612604,40578,3001
5006002,21822,4025
2700201,13966,186
2517001,9124,186
3549953,16067,186
2402808,5117,186
4103404,2627,186
3161502,10282,186
2505352,4982,186
4218509,8787,186
2502300,4661,186
4210803,7006,186
4116406,3669,186
3205069,23831,186
2923803,26604,442
2925758,27734,442
2100154,12142,442
4123303,8613,442
3110806,2923,442
3512902,8719,442
2111722,8784,442
2801306,31645,442
3543006,18627,698
1703107,4846,698
2313906,13746,698
3535002,11476,698
2515500,13614,698
2912608,3725,698
2912509,13863,954
5222005,14956,954
4200101,17392,954
4117057,12074,1210
2919702,21599,1210
2306108,23915,1466
5204656,3708,1978
3135803,24007,3514
3127404,4727,187
4120101,4098,187
2509800,8791,187
3528908,3513,187
3120706,3521,187
3123700,13622,187
5204953,4005,443
2704401,17700,443
2405108,6562,443
4127908,8067,699
5209952,17061,955
2924900,8022,955
5214101,3564,955
3300803,56943,955
4316972,2596,955
2201200,47938,1723
1703701,4725,1723
2920205,15398,1979
2103505,40316,1979
3520301,29115,1979
3126703,23476,2747
5105309,2509,4283
2909406,13063,4283
1302702,53914,48315
2411429,2696,188
4112108,21408,188
1501501,63567,188
2901502,11031,188
3112901,8936,188
2705705,20695,188
3545407,9050,188
3103207,2181,188
4112306,4972,188
3505203,31595,444
3147956,4837,444
4126405,5616,444
2206951,2827,444
3518206,31043,956
3152170,10883,1212
3103405,34297,2236
1304062,66764,3260
2102002,33100,6588
1100809,22310,6844
1301902,103598,8892
1400282,10023,14012
3557204,12211,189
4211850,2181,189
2608800,39582,189
3170057,13017,189
2919108,9015,189
4109005,4626,189
2405405,5117,189
3144409,4691,189
4303400,4836,189
3153301,3071,189
2606200,81055,445
3135704,5883,445
2102077,12212,445
2210383,2269,445
2902401,11179,445
3501905,68008,445
4102406,31273,445
2602902,203440,445
4127304,14842,701
1502756,26881,701
5106703,2008,701
2919603,10454,701
4302220,2229,701
2200400,47453,957
2312700,24266,957
3504503,92805,1213
5207402,11747,1469
2907707,10579,3005
1400506,8858,4285
4318309,58487,5053
1502764,14036,17085
3511607,19048,190
1703891,3318,190
4209854,4549,190
3527504,2372,190
2612000,10887,190
4219853,3930,190
2615904,8005,190
3521101,6831,190
4122701,8822,190
3163409,5396,190
2606705,7140,190
4212304,9063,446
3146255,5058,446
5212105,7159,446
2104503,10231,446
4108650,6566,702
3107406,51737,1214
1715259,2230,1214
4117701,33855,1470
5005251,6799,1726
1101500,11171,3774
4211058,9117,191
1500800,478778,191
3151107,11077,191
4215075,4768,191
3554805,51173,191
2517100,2668,191
2411700,3792,191
4313037,4865,191
4107801,4792,191
3303609,41375,191
2400703,12484,191
4121208,18398,447
2907400,3434,703
2105609,14924,703
4320800,29991,1215
5001003,27674,2751
5106802,5593,6847
1302801,15529,16831
5001102,46803,17087
2615706,14705,192
4107405,5999,192
3150109,2796,192
5200258,225693,192
2309003,13666,192
3143807,7451,192
4100301,10233,192
3510906,2799,192
5215231,103804,192
2506251,8179,192
2404200,26741,192
4103958,3936,448
2906402,7772,448
1701051,2876,448
4100707,9727,448
3524600,16097,704
4105706,15070,704
2610905,62722,960
4105409,21085,960
2201705,5562,1216
3301009,483540,4032
2931707,10798,193
3168051,3387,193
2701001,21187,193
4113106,4582,193
2510006,7203,193
2413508,6436,193
4126702,4880,193
2924678,10974,193
3127909,1392,193
4313391,3568,193
2409803,13824,193
2503308,9151,193
2504900,17095,193
4323101,4665,193
3553807,24350,449
3552106,40122,449
2905404,17761,449
3108008,17151,705
2305654,11575,705
3524105,37571,705
2110658,7992,961
3302403,246391,1217
2930006,9360,1985
2928109,38604,1985
3126000,8045,194
3515194,4157,194
4110904,4481,194
3200508,7223,194
4100400,119825,194
2609402,55292,194
5219712,4267,450
3552205,723682,450
2600807,20674,450
2211357,5055,450
1505601,8285,450
2918803,21052,450
2205805,25375,706
3167103,21952,1218
2613503,34843,1474
1100452,27992,3266
4309753,3732,195
3157302,4208,195
3118601,621863,195
3529500,6159,195
2412708,5776,195
3122702,5228,195
3507704,5356,195
4110300,2536,195
4104709,16905,451
2706307,71574,451
2102374,9732,707
3524303,71821,707
1721257,1909,707
3137106,6631,1475
1508407,52893,3779
5106174,4200,4035
1506005,35577,14787
3107703,5631,196
4103222,3202,196
2616209,21959,196
3543238,2025,196
1507466,4430,196
4302154,1933,196
5213400,1685,452
4305124,5808,452
3305000,36573,452
2104008,18311,452
3122306,231091,708
3555406,92981,708
2900702,151055,708
3502101,59783,964
3168002,33050,1220
2201101,10866,1220
2805406,33439,1220
2102200,29685,1476
2919553,107909,4036
2706109,11446,197
3130556,6986,197
4115853,5931,197
2502607,5648,197
3167806,5613,197
3159100,3469,197
3520426,13419,197
2208601,3042,197
3554607,2464,197
2916203,10341,453
3134103,6055,453
4321204,53242,453
2308377,14196,709
3156601,10298,965
3112307,39626,965
5209408,4085,1221
3127339,4793,1733
2111607,18672,3525
5006275,5510,5061
1502707,44617,5829
1101492,16286,10949
4209904,12873,198
3105509,4964,198
4321493,2554,198
4105805,232212,198
3511300,12618,198
2513851,2622,198
2413003,6310,198
2931202,18044,454
3509254,28515,454
3200136,9711,454
3120151,5265,966
1101807,6479,966
4106803,15978,1478
2900801,24530,1478
4304507,49680,3526
2800407,10318,199
2608602,11933,199
3126406,3093,199
4204004,10566,199
4113759,4872,199
4305371,2768,199
3533809,2512,199
3111507,12979,711
3537305,61679,711
3110301,14217,711
2302008,19381,711
3500709,37680,967
2922904,24236,967
2303709,355679,1223
1707702,7712,1991
2904407,9108,2247
4120606,49393,2247
2513927,4327,200
4316733,1674,200
2609204,9359,200
4302584,2151,200
4211009,10066,200
1715150,1846,200
2612802,10244,200
2600302,23779,200
2107456,13577,200
3127206,4686,200
3127008,14540,200
4119954,30425,200
3545506,3645,456
3114204,23479,456
4128625,3055,968
2902609,18220,968
2927200,28282,1992
5100359,5715,2248
1503705,49754,7880
3524006,70616,201
3202504,11723,201
4122909,5192,201
4207650,9335,201
3553906,6536,201
2313559,15412,201
4216305,32687,201
4109104,2191,201
3123908,14746,457
3131208,19522,457
2110500,46395,457
5221403,142431,713
2203750,5284,713
3537008,15525,713
3530607,451505,713
4315503,14939,969
2803500,101579,969
3132107,17208,1225
2915403,6037,1225
5004106,9940,1225
2105401,60440,1481
4314506,11214,2249
1200609,43467,20169
2903300,5833,202
4305439,6262,202
2911501,5555,202
2509909,8945,202
3514908,17699,202
2930709,114559,202
2801009,18149,202
3306156,10207,202
2512200,3915,202
3160009,3769,202
3203163,11094,458
1506609,24624,458
2905503,13080,458
5205703,2454,458
2907301,24712,714
5219456,2689,970
1711100,2404,970
2933158,13377,1226
5218508,48447,3786
1303106,27062,5578
1718758,4841,6346
1500347,18080,7114
3109808,2315,203
3158706,2137,203
4317756,2089,203
5203939,2732,203
4215604,2088,203
3543204,4677,203
3142403,7548,203
3503000,5420,203
3139904,14247,203
2504157,6889,203
2922755,6501,203
4122404,71670,459
2606002,142506,459
2914208,6101,459
3304300,56276,459
3107000,2383,459
5200209,1858,459
2405801,33290,715
2306553,42957,715
2931301,15818,715
2608008,15843,715
2301109,75113,1227
2305902,36798,1483
2111102,25020,1483
3507506,145155,1483
5214002,14750,1739
4318101,17618,2507
5216403,10659,3787
1101005,8001,5067
5106828,10204,5835
5103007,18990,6603
1303908,32967,19659
4303202,4603,204
2513109,11505,204
3204401,11069,204
2404853,7292,204
3149606,4155,204
3551603,29894,204
3115706,6171,204
4308706,5665,204
3202603,12326,204
3515905,2733,204
4305801,10385,204
3150901,6041,204
2109304,10549,460
2906105,10225,460
1101559,4256,460
2507002,23940,460
2907558,8841,716
4107603,16389,716
4215679,8066,716
3112703,14108,972
4319158,7056,1228
3118403,20824,1484
2913200,26309,1740
2308708,61443,2764
2930204,38154,11980
1300805,33080,44236
2800670,24636,205
2210938,6220,205
4117222,8322,205
4119004,6221,205
2611200,10500,205
5205208,5184,205
4106100,3461,205
3138005,5963,205
4118006,13245,205
5214507,31932,205
3505104,5640,205
1507961,10400,205
3117900,11083,205
4310652,2638,205
3120003,2875,205
3203007,28590,461
3126505,7366,461
3101904,18300,461
4215901,2946,461
3504008,101409,461
2112902,30805,717
3126752,5034,717
3204104,23915,973
2312007,30628,973
3201902,35416,1229
3150570,7084,1229
2402006,61146,1229
1503309,64831,1997
4322202,20005,2253
1600808,11291,2509
4301305,17558,2509
3552502,307429,206
5221007,4026,206
3514304,8096,206
5209291,2188,206
3163102,4536,206
2933109,8101,206
3172103,4443,206
4206652,8425,206
3541653,3405,206
4217303,10265,206
3518107,6427,462
1506500,73019,718
3204500,13106,718
3502705,24585,974
3537404,24095,974
2300309,44962,2254
5204300,13774,2254
3108552,15020,2510
5106299,11671,4814
3546603,34794,207
2903276,15203,207
4200200,10990,207
3167707,5137,207
4111001,5908,207
4201901,6780,207
5212253,1390,463
3301306,46110,463
2513703,149910,719
2613008,49449,719
2928505,10441,719
2607000,25603,1231
2112100,26484,1487
2200301,13479,1743
1718840,3723,3535
2904753,19589,4047
2702108,15816,208
4116950,5597,208
4312203,4191,208
4315800,10418,208
4115507,4699,208
4204152,2805,208
2510659,1720,208
3107604,4474,208
3525201,37535,208
1507102,16666,464
2515203,3279,464
4305702,6406,464
3524402,240275,464
2111532,13444,720
4128203,55033,720
3127305,6222,720
3304151,22393,720
3116506,7166,720
2104305,10186,720
4125100,13726,720
5201306,18503,976
4316709,8122,976
1301100,30792,6096
1200500,41343,23760
1715507,1164,209
3155405,8518,209
1705557,4756,209
2509206,14139,209
5214705,2337,209
5215405,4057,209
3166907,7621,209
3555802,8833,209
2604205,32156,209
3131802,10362,209
2703502,5352,209
3127503,5230,209
2307254,25555,209
2805307,7913,209
4205209,4885,209
2512903,24581,465
2922656,18523,465
2906873,33235,465
3112000,14001,721
4124103,44369,721
2103406,41658,977
2908804,4333,977
2107001,9106,1489
1508084,39550,2513
1718899,2219,3281
1100049,86887,3793
2103174,16267,8401
1716208,10542,11217
2507507,833932,210
3520905,13712,210
3547403,2733,210
3555356,5365,210
2304509,15657,210
3540259,4127,210
3528403,50027,210
3536109,7153,210
3205200,467722,210
3512308,15232,466
3131406,3775,466
3521309,14454,466
3542602,59947,722
4113502,23225,722
2204709,14958,978
2107308,4320,978
2902005,13936,1490
1504000,29569,1490
4119301,29886,2002
4314605,17504,3538
2611101,386791,4562
1304104,19599,84946
4203204,103074,211
2506905,23182,211
2513307,5865,211
2611533,6554,211
4113007,6690,211
2407807,23031,211
3500204,4351,211
3167905,4014,211
2202091,5503,467
3301702,808161,467
4107504,12454,467
3142007,13651,723
2108058,17056,979
2209153,3435,979
4128104,117095,1235
4102901,15533,1235
5107883,1800,1491
2600203,18674,1491
5004700,27821,2003
2208106,11341,4563
4312906,9649,212
4202800,33773,212
4109203,4748,212
3202306,29358,468
3508702,17101,468
4309209,265074,468
4317806,13902,468
5212600,2561,468
2700102,19008,468
1712157,1626,468
2903953,9730,468
2933059,13800,468
3520103,26212,468
5108402,300078,724
3157708,15734,724
2924801,17566,980
3523503,19070,980
2111573,5783,980
3137536,8969,1236
2922102,17305,1492
3111903,5272,213
4310702,3208,213
2209971,8186,213
5205406,22046,213
3116001,6075,213
2413706,4654,213
3167004,1990,213
4120309,3562,213
3137809,20414,213
2503407,3291,213
2605806,13636,213
3121308,4928,213
3529807,11230,213
2503100,5335,469
1504059,34353,469
2412807,7711,469
3102605,40553,469
4312708,13719,469
4101804,151666,469
3144375,3520,469
2502151,6377,469
4118808,13346,469
2402600,79115,725
4102000,36808,981
3509908,12289,1237
1100346,13117,3029
5102637,45899,9429
4211801,7032,214
3163003,3806,214
4213203,34289,214
3166709,6944,214
2514701,4138,214
2614857,23561,214
2509404,13899,214
2903102,5775,214
3521606,7085,214
2402105,10215,214
2600609,13542,214
2306207,7536,214
2414506,10078,214
5208806,71916,214
3126901,8226,470
3205176,13728,470
4101309,7018,470
2914901,27704,726
2109270,17511,726
2103554,14915,726
4109302,13735,1238
2207504,13264,1494
3152204,37438,1750
2915353,12311,4310
2304269,8932,471
3152105,57776,471
2202539,5630,471
4116703,13765,471
3100302,13927,471
3539301,73545,727
3536703,44827,727
2514404,4083,727
4203006,73720,983
4311155,7184,1239
3530201,15917,1239
1701903,5927,2775
1508050,15242,11991
4114351,2770,216
2705606,10020,216
4315206,3747,216
3539004,10885,216
3152907,8406,216
2106201,7161,472
3542909,10989,472
3141009,12038,472
4126678,10707,472
3114600,4049,728
3139201,17516,728
2516201,67259,728
1706258,1470,984
1505494,6885,984
2105708,44403,1240
2902104,48294,1496
2929057,15194,1752
2921401,15734,1752
1503804,37707,2008
2103604,59566,2264
1720499,4422,2520
2302800,74174,3032
5107602,244911,4824
2933604,44757,5080
3142601,8340,217
2203305,16352,217
4101655,3527,217
3123528,7817,217
4305355,35012,217
4306353,2507,217
4322152,3681,217
4206702,21724,217
4321832,2760,217
3122405,5851,217
3530003,3126,217
1503408,10325,473
2912707,25344,473
2510808,103165,473
5208707,1437366,729
4301909,12225,729
3512100,6629,729
4323002,224112,1497
5107750,3679,1753
2904506,11765,2521
5218003,44317,4825
4313375,29024,218
3540309,2387,218
2513208,5947,218
3532801,6693,218
4120200,3182,218
4219606,3653,218
2505303,2292,218
2210375,2309,218
3130200,10830,218
3556800,17414,218
3517307,5512,218
3149101,10760,218
4309159,3304,218
2410306,10125,218
2513158,7670,218
5201801,11890,218
3200169,12042,474
3151701,16390,474
2303808,22344,730
2931053,17158,730
1710706,5172,730
2102150,9218,986
3113008,19548,1242
2108256,24320,1754
2931806,16296,2010
2921500,47780,3034
5106208,3932,3290
3534104,6085,219
3126307,3477,219
2203404,6320,219
4313425,3198,219
4126108,5232,219
3166501,3792,219
2611606,1488920,219
4124202,2493,219
2904704,14804,219
3532504,9699,219
2615003,24736,475
3500303,32072,475
2902054,11557,475
2922805,7780,475
4111902,15122,475
2507705,17007,475
3527900,2661,475
3550506,7217,731
3538006,165428,731
3156007,12641,987
2207355,3000,987
2925808,25988,2011
4109500,7430,2011
2201988,3904,2267
1200138,12917,3035
1501725,24718,6363
3141900,3741,220
3136900,11084,220
2409332,4847,220
4204707,10953,220
4305447,4597,220
3305158,22080,220
2616100,9169,476
2500700,17964,476
4114807,41851,476
2206696,9797,476
5212303,8745,476
3168408,14709,732
2105351,13828,1244
4104204,136327,1244
2601805,11232,1244
1300201,15314,76508
1303304,23818,41180
2409506,3618,221
3119401,104736,221
3169802,4935,221
2105948,8758,221
3148400,4389,221
2933174,9913,221
4119202,6566,221
4304002,4975,221
3137403,12769,477
4200705,10481,733
2109551,7420,733
3119104,23532,2525
2211209,25203,8413
2211605,2935,222
4316436,2575,222
5206305,3504,222
2904852,16559,222
3553609,11816,222
3534500,2470,222
3554409,7904,222
4115903,2238,222
1718808,4215,222
2200608,6827,222
2929107,20283,222
4314472,3805,478
3143708,3133,478
3162807,15315,478
2202174,7419,478
5005681,19193,478
3539202,25348,478
4316808,133230,734
2505105,19719,734
5222054,8768,734
2108900,17161,990
1710904,3577,1246
2106904,27751,1246
3146107,74821,1246
2612455,13841,1246
3126109,68248,1502
1100254,19327,1758
2907103,28869,2526
5003702,243367,4062
2926004,40586,4574
3108701,4260,223
3537503,8737,223
2928307,8716,223
2500577,2953,223
4215208,4823,223
3110400,2838,223
2203859,2333,223
4315354,3910,223
4313409,227646,223
2104909,10290,479
3304508,8954,479
4203501,9623,479
1507409,14894,479
3504107,158647,479
2901908,15922,479
5204904,18108,735
2900504,10604,735
4108403,96666,735
3204559,41636,735
2313203,24815,2015
1100056,15890,2783
2104081,10873,5087
2516805,9892,224
2602209,37629,224
4319307,5846,224
3513900,11158,224
2414100,10262,224
3155108,4639,480
2301000,80645,480
1712801,3095,736
2914406,23879,992
2305506,98064,992
3142700,14060,1504
4307104,6191,1760
3120904,80665,3296
1508126,37972,5088
2608701,14076,225
4124608,6587,225
2311108,17050,225
4303707,5882,225
3528007,16829,225
3515806,1487,225
4217105,3405,225
4214102,2301,225
3515129,3014,225
2204600,3518,225
3132305,10463,481
2209856,4242,481
2923506,10339,737
3502309,5674,737
2309300,30699,737
2509701,32277,993
1300144,20647,54241
1506203,44772,226
5212907,2758,226
4306429,2090,226
4120358,5737,226
2401859,6293,226
3516101,3851,226
4304101,3613,226
4126355,5007,482
4121505,14514,482
2804607,24996,482
5221502,4480,482
4211892,2215,738
2111763,14700,738
3536604,7400,738
2209906,6114,994
5006408,6941,3554
2502409,10252,227
2613305,20037,227
4126009,8063,227
2302909,17254,227
3120839,3983,227
2611903,20009,227
3544004,31328,227
2206100,10641,227
4119509,118730,227
2111672,4544,227
5206909,1902,483
2912004,10429,483
3538303,3264,483
1711803,2243,483
1501907,24383,995
2208809,17133,1251
3144003,27635,1251
2112209,174465,1763
1705607,3887,2531
2917359,9275,9955
3116407,4658,228
3154804,10261,228
3519501,6385,228
3200359,7434,228
2616308,26359,228
3529609,4572,228
2614709,13738,228
3140555,9112,228
3304524,156491,228
3105202,4741,484
2202737,4117,484
3509809,4888,484
2803203,34411,740
2927002,35362,740
2605608,20347,996
2926608,54010,1252
2112456,31638,1508
1716505,14055,2020
4104907,73075,2532
5107248,5374,3812
2801702,17100,229
3137601,75145,229
2508703,3583,229
4100103,7241,229
5209606,3354,229
3149952,6553,229
4314704,10406,229
3532058,4034,229
3528601,9871,229
3159506,5826,485
3510500,134873,485
2205409,13886,741
3148608,17446,997
3522703,39493,997
2311306,84168,2021
2110005,57635,4837
1300300,41564,7653
2304608,6734,230
4311908,4320,230
4115309,6371,230
2911204,32178,230
4207007,59035,230
3107901,12649,230
4304804,30420,230
4309605,18851,230
2410108,12390,230
1506906,6116,230
3522000,3618,230
3120102,4245,486
4319208,5118,486
4114708,5865,486
4122503,11251,742
2400802,11632,742
2307635,16896,998
3162252,4822,998
3131703,113343,1254
3529203,24881,1254
5215256,3716,1254
4104402,15244,1510
2101707,65589,3046
2202307,19365,4326
1505536,267836,6886
2912103,21665,231
2929404,10334,231
2408805,4801,231
3123304,4987,231
2611507,17928,231
4115200,409657,487
3113206,23812,487
2504074,3944,487
3167608,19750,487
2920908,13544,743
1713809,4872,743
2900405,14497,743
2107258,5021,743
3104809,4538,1255
1710508,6819,3047
5103403,650877,4327
1200708,18243,5351
3136306,46801,10727
3155306,5568,232
4200804,5943,232
3537701,5519,232
3553856,6876,232
3100807,4357,232
2708105,11323,232
4115002,7253,232
2500809,16646,232
2925600,15130,232
2303600,10243,488
3514403,45474,488
3544251,17440,744
3161007,17392,744
2105963,11411,744
4110706,59250,1000
3158508,7030,1256
5200175,4954,2024
2207405,4952,2024
4302808,32515,3048
2601409,40121,233
3136108,4329,233
3144201,2459,233
2600906,18205,233
3200706,10540,233
2516003,26774,233
3159902,17285,489
3106655,4201,489
3133204,11128,489
4317202,76963,489
2307601,59560,745
2110856,9051,745
3142908,20328,1001
3529906,18553,1001
3535507,41120,1001
3101003,14037,1257
4104428,14973,1513
2105922,10572,1513
2108603,84621,1513
2910701,61456,2025
2202901,27278,3049
5008305,132152,10217
1504802,60012,18153
4107702,4492,234
3154101,11007,234
4204400,10388,234
4201208,11224,234
4101853,2329,234
4217204,44330,234
2513943,2585,234
3531605,4222,234
1505007,12806,490
5107297,2875,490
3304003,27474,490
4114609,55836,746
3113404,87360,1258
2103703,31558,1258
3517406,39279,1258
2911303,10884,3818
1506807,331942,17898
4218806,13043,235
3157807,219132,235
3541802,3265,235
3134301,6638,235
4204608,214493,235
2606101,29347,235
4108452,4926,235
2708402,30604,491
2202653,5496,491
3537800,52970,747
3553401,25265,747
3301108,19390,747
1720655,5108,1259
3544400,2700,236
4101101,19878,236
4315552,2835,236
3135407,6197,236
2211407,4417,236
4304952,3000,236
4118907,11878,236
2707503,20082,236
3506359,64188,492
3115300,66261,492
2204204,8237,492
4305900,6144,492
3170651,4633,492
3100708,2108,492
4313904,43515,492
3503208,242228,1004
3130655,6346,1004
3523206,44438,1004
4311304,27659,1260
3541307,39505,1260
2110906,12064,2284
3161106,52762,3308
3153103,4850,237
2303907,12462,237
2806602,11092,237
4121257,4221,237
4321477,5129,237
1700301,4497,237
3139102,5191,493
4216206,52674,493
4201257,9811,493
5004007,10444,493
4101705,14485,493
2601904,61694,493
3541208,14490,749
3102803,11927,1005
2612554,12106,1005
2603926,12239,1005
2102903,24238,1261
5211602,2693,1261
3202108,21992,2285
2906824,16105,3565
1200328,9222,5357
5101001,3795,6381
5103304,18238,21485
2705101,23857,238
4200051,2598,238
3166204,10384,238
4312138,2553,238
4128401,10406,238
4320909,24557,238
4323200,2780,238
3516903,10312,494
4108908,6587,494
4104303,99432,750
2304004,20953,750
2203354,7054,1006
2110609,26943,1006
3144300,35038,1518
2925303,168326,2286
5007406,19818,8174
2918209,13629,239
3155207,5429,239
4315750,4473,239
2506202,2846,239
4309100,40134,239
4307054,3034,239
4314902,1332845,495
4103701,107208,495
2928604,56012,495
3104908,18366,751
5218904,19788,751
5202502,8300,3055
1302009,10162,4335
5108303,3838,4591
5006606,92017,5359
1600402,21924,13295
3508306,4299,240
2516607,14101,240
2412609,16786,240
3202454,25380,240
2506608,5631,240
3115359,5473,240
2611309,27552,240
2924603,19083,496
3133808,97669,496
4215802,83277,496
3531407,22280,496
4302709,19084,752
3505401,6876,1008
4304655,3119,1008
3111408,8466,1264
2932457,13642,1776
1506138,85597,3824
3152808,28342,4848
1300839,13469,9456
2909307,32457,11504
5210604,4904,241
4113601,4601,241
4121356,2618,241
3302254,30908,241
3531803,64662,241
3518404,118044,753
2614808,23902,1265
3550308,11451999,1521
2110807,4402,2033
2102325,55499,2545
3119302,28894,3313
2923209,20715,3313
1505635,12832,3313
1100122,124333,6897
1400175,18682,7665
2926103,13651,242
4300703,5957,242
2500106,9335,242
4209003,30146,242
3543907,201418,498
2918704,4075,498
3530805,92558,498
2414407,33035,754
3513702,31756,754
3547502,24833,754
2110039,24307,1010
2919900,7256,2546
5108501,12800,3058
5205109,114427,3826
1101104,8548,4082
3530300,63337,243
3534005,4771,243
4305454,17071,243
3172004,39160,243
4102802,14833,243
3104452,4719,243
3544509,3833,243
4107108,5142,243
2802601,5834,243
2201572,3423,243
2201556,4091,499
4203303,12501,499
2202554,5033,499
3553500,7996,755
2203271,5073,755
3145356,10275,755
4123501,25492,755
3541505,35201,755
5105200,11480,2291
1302207,10742,19443
2607109,4765,244
5210158,2919,244
3132909,10770,244
2310951,10606,244
2706802,15908,244
2200277,4634,244
3516853,4702,244
3506300,11607,244
4203907,23314,244
4111100,6111,244
2931103,7717,244
3124500,11502,244
3138708,5586,500
3123601,26336,500
3169505,5886,500
5200555,6072,500
4200903,5358,500
2303105,17632,756
2208874,4055,1012
3135605,6484,1268
5200803,8446,1268
5203104,3351,1780
4316907,271735,1780
4318804,41989,2036
1100072,7519,3060
2932002,24665,3060
2900900,5218,245
5218789,3864,245
4208450,30750,245
3555109,15854,245
4108957,7856,245
3131000,6239,245
2931400,7110,245
2516409,8010,245
3125101,53482,245
2109056,5954,245
3110608,29536,245
3540705,52649,245
2400901,6577,245
4312450,6046,245
4320263,6009,245
4214607,7747,245
2402204,29668,245
2110203,37035,757
4110102,29924,757
3200201,29177,757
2916302,9174,1013
5003751,11386,1013
2917334,11118,1525
2601102,85088,2037
1101450,4125,2549
1507300,65418,84213
3110707,12313,246
2513901,32235,246
2402402,7992,246
3103900,9199,246
3542701,6404,246
4207700,7816,246
4311601,4781,246
5203962,3145,246
3525102,45282,502
2803005,40678,502
3521903,16989,502
2308351,14123,502
2100550,7170,502
4214508,6452,502
4109658,4941,502
2804508,41212,758
3149150,10433,1526
3101706,40364,2294
4318200,21893,3318
1707009,17739,3318
5220454,155635,247
3534203,6024,247
4108007,11446,247
2401404,8825,247
3512506,5400,247
3145802,2969,247
2501005,17189,247
4304309,6294,247
3147808,2233,247
4206900,19862,247
2101939,5840,247
4112751,10506,247
4314779,3296,503
3159209,8460,503
2313351,17154,759
3105608,125317,759
2908408,67825,1015
1400605,7315,1527
2210003,21421,1527
3152006,31047,2551
5107743,2661,5623
5003306,32151,6391
5107941,9818,8439
1502509,20757,12535
2806206,20279,248
3528106,7481,248
3304904,896744,248
2505907,3011,248
2311603,27214,248
3556602,10176,248
2704005,23907,248
3534609,31272,248
3107208,5348,504
4302238,2271,504
4205803,18545,504
2410405,9362,504
4316600,16399,504
4115457,4504,504
3160306,10327,504
4113908,13428,760
2911709,87817,1272
2205532,4425,1272
5007950,10808,1784
1504950,20478,2808
1500206,59023,4344
4316402,36630,4344
3149705,12268,249
3507001,61081,249
4128658,3811,249
3541901,9159,249
3538808,29436,505
2106375,13761,761
5103452,7014,1273
2101806,5469,1785
5205513,25016,1785
2902500,13614,3321
2309607,70983,250
3117603,5415,250
2412005,115838,250
3305133,7070,250
3503406,8130,506
1707405,7530,506
4126504,15930,506
3111150,3714,506
4127858,11135,506
4300638,5310,506
3113909,11547,506
2602605,48648,762
2210904,4141,762
1720853,1577,1018
5203302,34445,1274
2901403,13732,1530
2205102,10323,2554
4301602,117938,4090
2906006,71377,7162
1600501,27482,23034
4321667,10962,251
3532108,3737,251
4315008,4360,251
4125902,2661,251
4124004,5514,251
2706505,13804,251
1718006,2866,507
2606408,86516,507
3127073,4647,763
3154002,23423,763
2309458,24493,763
3535804,19395,1019
1500503,34280,72955
5104609,12236,8699
5100250,58613,8955
3518909,4246,252
3550803,10441,252
3155801,17443,252
4320552,5863,252
3555604,10394,252
5204557,4507,252
2507200,10499,252
4316204,4991,252
3141108,37618,252
2906501,72382,252
2612307,13836,252
4316451,10203,508
3522802,14085,508
2403806,10196,508
4323457,3863,508
2922003,37977,1788
3132008,4252,1788
5212204,19620,4092
1503002,8728,11772
3116209,2800,253
2408508,4913,253
3501806,5870,253
2614501,64120,253
4207106,17046,253
3508900,3712,253
3548609,11674,253
3547007,5243,253
2208502,12052,253
4304408,48946,253
1703800,10307,253
5219001,7918,509
2929800,10478,509
2704302,957916,509
4212205,19150,765
4218905,10834,1021
3522307,157790,1789
5217203,11712,2045
5106851,3224,2045
2311405,82177,3325
5002209,23659,5373
3170404,86619,8445
5107800,15246,9469
5105580,11396,12285
3302304,7336,254
2401651,2306,254
2405504,2437,254
3117405,4409,254
4322327,3419,254
4111209,12344,254
2514651,1699,254
4306767,39559,510
2205250,4180,510
2932705,21420,510
4308805,7612,510
2407104,82249,510
4320677,8578,510
3101508,30717,510
3104205,41416,510
2902906,36539,766
2931004,21006,1278
2100907,39052,1790
1703008,7880,1790
5007554,7027,6142
5103379,11011,9470
1304302,18631,27902
3526308,5083,255
4119103,13655,255
3502903,32443,255
4219002,20919,255
2706422,10573,255
4313334,2163,255
4202438,3515,511
2905156,11266,767
5207600,5877,1279
2915809,24394,1535
2614006,18207,1535
5217609,105031,2559
2105427,22513,3583
1200351,17093,8191